S/N,Chapter,Question,Answer and Explanation
1,Biological and Biochemical Foundations of Living Systems: Content Category 1A,"Amino Acids (BC, OC)","Here are 10 MCAT-style passage-based multiple-choice questions (MCQs) related to amino acids:

---

### Passage 1: Amino Acids and Their Properties

Amino acids are the building blocks of proteins, each containing an amino group, a carboxyl group, a hydrogen atom, and a variable R group attached to the ? carbon. The properties of amino acids can be classified based on their side chains as polar, nonpolar, acidic, or basic.

#### Question 1
**Which of the following amino acids would most likely be classified as hydrophobic?**

A) Glutamate  
B) Alanine  
C) Lysine  
D) Serine  

**Answer:** B  
**Justification:** Alanine has a nonpolar side chain, making it hydrophobic, while glutamate, lysine, and serine have polar or charged side chains.

---

### Passage 2: Amino Acid Classification

Amino acids can be classified into categories based on their side chain characteristics. Acidic amino acids have side chains that can donate protons, while basic amino acids can accept protons.

#### Question 2
**Which of the following amino acids is classified as basic?**

A) Aspartic acid  
B) Glutamine  
C) Histidine  
D) Tyrosine  

**Answer:** C  
**Justification:** Histidine has a side chain that can accept protons, classifying it as a basic amino acid. Aspartic acid is acidic, while glutamine and tyrosine are neutral.

---

### Passage 3: Amino Acids as Dipolar Ions

In an aqueous solution, amino acids exist primarily as dipolar ions (zwitterions). At physiological pH, the amino group is protonated, and the carboxyl group is deprotonated.

#### Question 3
**At physiological pH, which of the following best describes the charge of an amino acid?**

A) Neutral  
B) Positively charged  
C) Negatively charged  
D) Zwitterionic  

**Answer:** D  
**Justification:** At physiological pH, amino acids exist as zwitterions, having both positive and negative charges, resulting in an overall neutral charge.

---

### Passage 4: Sulfur Linkage in Amino Acids

Cysteine is a unique amino acid that contains a thiol (-SH) group. Two cysteine residues can form a disulfide bond, resulting in cystine.

#### Question 4
**What type of bond is formed between two cysteine molecules to create cystine?**

A) Peptide bond  
B) Hydrogen bond  
C) Disulfide bond  
D) Ionic bond  

**Answer:** C  
**Justification:** A disulfide bond is formed between the thiol groups of two cysteine residues, creating cystine.

---

### Passage 5: Peptide Linkage

A peptide bond is formed between the carboxyl group of one amino acid and the amino group of another, releasing a molecule of water.

#### Question 5
**What is the primary type of bond linking amino acids in a protein?**

A) Ionic bond  
B) Peptide bond  
C) Hydrogen bond  
D) Covalent bond  

**Answer:** B  
**Justification:** Peptide bonds are the primary covalent bonds that link amino acids together in proteins.

---

### Passage 6: Hydrolysis of Peptides

Peptide bonds can be broken through hydrolysis, a reaction that involves the addition of water.

#### Question 6
**What is the result of hydrolysis of a dipeptide?**

A) Formation of a polypeptide  
B) Release of free amino acids  
C) Creation of a disulfide bond  
D) Synthesis of a new peptide bond  

**Answer:** B  
**Justification:** Hydrolysis of a dipeptide results in the release of two free amino acids.

---

### Passage 7: Reactions of Amino Acids

Amino acids can undergo various reactions, including transamination and decarboxylation, influencing amino acid metabolism.

#### Question 7
**Which reaction involves the transfer of an amino group from one amino acid to a keto acid?**

A) Decarboxylation  
B) Transamination  
C) Hydrolysis  
D) Peptidation  

**Answer:** B  
**Justification:** Transamination is the process of transferring an amino group from one amino acid to a keto acid.

---

### Passage 8: Hydrolysis Reaction Mechanism

The hydrolysis of peptide bonds is a significant step in protein digestion, catalyzed by enzymes such as proteases.

#### Question 8
**Which enzyme class is primarily responsible for the hydrolysis of peptide bonds in proteins?**

A) Lipases  
B) Carbohydrases  
C) Proteases  
D) Amylases  

**Answer:** C  
**Justification:** Proteases are enzymes that specifically catalyze the hydrolysis of peptide bonds in proteins.

---

### Passage 9: Acidic and Basic Amino Acids

The pKa values of amino acids' side chains determine their ionization state at a given pH, influencing their behavior in biological systems.

#### Question 9
**At a pH below the pKa of an acidic amino acid, what is the likely state of the amino acid?**

A) Deprotonated  
B) Protonated  
C) Zwitterionic  
D) Neutral  

**Answer:** B  
**Justification:** At a pH below the pKa of an acidic amino acid, the side chain will be protonated, resulting in a positively charged state.

---

### Passage 10: Hydrophobic vs. Hydrophilic Amino Acids

The solubility of amino acids in water is influenced by the nature of their side chains, which can be classified as hydrophobic or hydrophilic.

#### Question 10
**Which of the following amino acids would most likely be classified as hydrophilic?**

A) Phenylalanine  
B) Isoleucine  
C) Serine  
D) Valine  

**Answer:** C  
**Justification:** Serine has a polar hydroxyl (-OH) group in its side chain, making it hydrophilic, while phenylalanine, isoleucine, and valine are hydrophobic due to their nonpolar side chains.

--- 

These passage-style questions and answers focus on key concepts related to amino acids, suitable for MCAT preparation."
2,Biological and Biochemical Foundations of Living Systems: Content Category 1A,"Protein Structure (BIO, BC, OC)","Here are 10 MCAT-style passage-based multiple-choice questions (MCQs) related to protein structure:

### Passage 1: Primary Structure of Proteins

**Passage:**  
The primary structure of a protein refers to its unique sequence of amino acids. This sequence determines the protein's overall structure and function. 

**Question 1:**  
Which of the following correctly describes the primary structure of proteins?  
A) It is stabilized by hydrogen bonds between backbone atoms.  
B) It is the three-dimensional arrangement of polypeptide chains.  
C) It determines the protein's secondary and tertiary structures.  
D) It involves the interactions between multiple polypeptide chains.

**Answer:** C  
**Justification:** The primary structure is the linear sequence of amino acids and directly determines the protein's secondary and tertiary structures.

---

### Passage 2: Secondary Structure of Proteins

**Passage:**  
Secondary structure refers to local folded structures that form within a polypeptide due to hydrogen bonding. Common examples include ?-helices and ?-pleated sheets.

**Question 2:**  
What stabilizes the secondary structure of proteins?  
A) Ionic bonds between side chains  
B) Hydrogen bonds between backbone amide and carbonyl groups  
C) Disulfide bridges between cysteine residues  
D) Hydrophobic interactions between non-polar side chains

**Answer:** B  
**Justification:** Secondary structures are primarily stabilized by hydrogen bonds between the backbone amide and carbonyl groups.

---

### Passage 3: Tertiary Structure of Proteins

**Passage:**  
The tertiary structure of a protein is the overall three-dimensional shape that results from interactions among various side chains. 

**Question 3:**  
Which amino acid is particularly important in stabilizing the tertiary structure of proteins by forming disulfide bonds?  
A) Glutamic acid  
B) Proline  
C) Cysteine  
D) Lysine

**Answer:** C  
**Justification:** Cysteine can form disulfide bonds, which are crucial for stabilizing the tertiary structure of proteins.

---

### Passage 4: Role of Proline

**Passage:**  
Proline is unique among amino acids because its side chain is cyclic and can introduce rigidity into the protein structure.

**Question 4:**  
What effect does proline have on protein structure?  
A) It promotes flexibility in polypeptide chains.  
B) It disrupts ?-helices and ?-sheets.  
C) It enhances hydrophobic interactions.  
D) It increases the solubility of proteins.

**Answer:** B  
**Justification:** Proline introduces kinks in polypeptide chains, disrupting ?-helices and ?-sheets due to its rigid structure.

---

### Passage 5: Quaternary Structure of Proteins

**Passage:**  
The quaternary structure of a protein consists of multiple polypeptide chains that come together to form a functional protein complex.

**Question 5:**  
Which of the following is TRUE regarding the quaternary structure?  
A) It is the sequence of amino acids in a polypeptide.  
B) It involves only hydrogen bonding between chains.  
C) It can involve interactions between identical or different polypeptide chains.  
D) It is the only level of structure that is invariant across all proteins.

**Answer:** C  
**Justification:** The quaternary structure involves interactions between multiple polypeptide chains, which can be identical or different.

---

### Passage 6: Denaturing and Folding

**Passage:**  
Proteins can undergo denaturation, a process that leads to the loss of their three-dimensional structure, often due to environmental changes.

**Question 6:**  
Which of the following conditions can lead to protein denaturation?  
A) Increase in temperature  
B) Decrease in pH  
C) High salt concentration  
D) All of the above

**Answer:** D  
**Justification:** All these conditions can disrupt the interactions that stabilize protein structure, leading to denaturation.

---

### Passage 7: Hydrophobic Interactions

**Passage:**  
Hydrophobic interactions play a vital role in the folding of proteins, driving non-polar side chains to the interior of the protein structure.

**Question 7:**  
What is the primary driving force behind the folding of proteins into their three-dimensional structure?  
A) Ionic interactions  
B) Hydrophobic interactions  
C) Hydrogen bonds  
D) Van der Waals forces

**Answer:** B  
**Justification:** Hydrophobic interactions are the main driving force, as non-polar side chains aggregate to minimize contact with water.

---

### Passage 8: Solvation Layer and Entropy

**Passage:**  
The formation of a solvation layer around proteins affects their stability and folding. The entropy of the system can change based on the arrangement of water molecules.

**Question 8:**  
How does the formation of a solvation layer influence protein stability?  
A) It decreases entropy, promoting stability.  
B) It increases entropy, destabilizing the protein.  
C) It has no effect on protein stability.  
D) It increases entropy, promoting stability.

**Answer:** D  
**Justification:** The solvation layer increases the overall entropy of the system, which stabilizes the folded protein structure.

---

### Passage 9: Isoelectric Point

**Passage:**  
The isoelectric point (pI) of a protein is the pH at which the protein carries no net charge, influencing its solubility and interactions.

**Question 9:**  
At the isoelectric point, which of the following statements is TRUE?  
A) The protein will have a net positive charge.  
B) The protein will be least soluble in solution.  
C) The protein will migrate towards the anode during electrophoresis.  
D) The protein's amino acids are all in their protonated forms.

**Answer:** B  
**Justification:** At the isoelectric point, the net charge is zero, leading to reduced solubility in solution.

---

### Passage 10: Electrophoresis

**Passage:**  
Electrophoresis is a technique used to separate proteins based on their size and charge by applying an electric field.

**Question 10:**  
Which factor primarily determines the movement of proteins during electrophoresis?  
A) The size of the protein  
B) The charge of the protein  
C) The type of gel used  
D) The temperature of the gel

**Answer:** B  
**Justification:** The movement of proteins in electrophoresis is primarily determined by their charge; proteins will migrate towards the electrode of opposite charge.

---

These questions and passages cover various aspects of protein structure and related concepts, providing a comprehensive review suitable for MCAT preparation."
3,Biological and Biochemical Foundations of Living Systems: Content Category 1A,,
4,Biological and Biochemical Foundations of Living Systems: Content Category 1A,,
5,Biological and Biochemical Foundations of Living Systems: Content Category 1A,,
6,Biological and Biochemical Foundations of Living Systems: Content Category 1A,,
7,Biological and Biochemical Foundations of Living Systems: Content Category 1A,,
8,Biological and Biochemical Foundations of Living Systems: Content Category 1A,,
9,Biological and Biochemical Foundations of Living Systems: Content Category 1A,,
10,Biological and Biochemical Foundations of Living Systems: Content Category 1A,,
11,Biological and Biochemical Foundations of Living Systems: Content Category 1A,,
12,Biological and Biochemical Foundations of Living Systems: Content Category 1A,,
13,Biological and Biochemical Foundations of Living Systems: Content Category 1A,,
14,Biological and Biochemical Foundations of Living Systems: Content Category 1A,,
