State,Medical School,Course,"Required or
Recommended?",Lab?,"Credit
Hours","Pass/
Fail","AP
Credit","Online
Course","Community
College",Additional Info
AL,"University of
Alabama School
of Medicine",Behavioral Sciences,Required,N,3,,Y,Y,Y,"Behavioral or social science coursework that
addresses the biological, psychological, and/or
sociocultural factors that influence perceptions,
behaviors, interactions and well-being will be
accepted."
,,Biochemistry,Required,N,3,,N,Y,Y,"Any sequence of chemistry courses that includes
Biochemistry will satisfy this requirement."
,,Biology,Required,N,8,,Y,Y,Y,"Applicants with AP credit are expected to take 8
hours of advanced bio coursework. Laboratory
courses should be completed in-person; however,
online labs will be accepted during the COVID-19
pandemic."
,,Biology/Zoology,,N,,,,,,
,,Calculus,,N,,,,,,
,,College English,Required,N,6,,Y,Y,Y,
,,College Mathematics,Required,N,6,,Y,Y,Y,"3hr course in biostats or stats expected. 6hrs of
college level courses not biostat/stats will also meet
requirement. AP/CLEP credit for stats or college
math should complete college level biostats."
,,Computer Science,,N,,,,,,
,,Genetics,,N,,,,,,
,,Humanities,,N,,,,,,
,,Inorganic Chemistry,,,,,,,,
,,Organic Chemistry,,,,,,,,
,,Physics,Required,N,8,,Y,Y,Y,
,,Psychology,,,,,,,,
,,Social Sciences,,,,,,,,
AL,"University of
South Alabama
College of
Medicine",Biology,Required,Y,8,Y,C,Y,Y,"Pass/Fail is is accepted for the Spring semester of
2020 only. Online is accepted for Spring, Summer
and Fall semesters of 2020. Online will be
considered on a case by case basis for Spring of
2021."
,,Biology/Zoology,,N,,,,,,
,,Calculus,,N,,,C,C,Y,
,,College English,Required,N,6,Y,C,C,Y,"Pass/Fail is accepted for the Spring semester of
2020 only."
,,College Mathematics,Required,N,6,Y,C,Y,Y,"Pass/Fail is accepted for the Spring semester of
2020 only. Online is accepted for the Spring,
Summer and Fall semesters of 2020. Online will be
considered on a case by case basis for Spring of
2021."
,,Computer Science,,,,,C,,,
,,Genetics,,,,,C,,,
,,Humanities,Required,N,3,Y,C,C,Y,"Pass/Fail is accepted for the Spring semester of
2020 only."
,,Immunology,Recommended,,,,C,,,
,,Inorganic Chemistry,Required,Y,8,Y,C,Y,Y,"Pass/Fail is accepted for the Spring semester of
2020 only. Online is accepted for the Spring,
Summer, and Fall semesters of 2020. Online will be
considered on case by case basis for Spring of
2021."
,,Organic Chemistry,Required,Y,8,Y,C,Y,Y,"Pass/Fail is accepted for the Spring semester of
2020 only. Online is accepted for the Spring,
Summer and Fall semesters of 2020. Online will be
considered on a case by case basis for Spring of
2021."
,,Physics,Required,Y,8,Y,C,Y,Y,"Pass/Fail is accepted for the Spring semester of
2020 only. Online is accepted for the Spring,
Summer and Fall semesters of 2020. Online will be
considered on a case by case basis for Spring of
2021."
,,Psychology,,,,,C,,,
AL,University of,,,,,,C,,,Behavioral Sciences coursework may be used in place of Social Sciences. Pass/Fail is accepted the Spring semester of 2020 only.
,South Alabama,Social Sciences,,,,,C,Y,,[image]
,College of,,Required,N,3,N,C,C,,C
,Medicine,Statistics,Recommended,N,,,C,Y,,C
AR,"University of
Arkansas for
Medical Sciences
College of
Medicine",Behavioral Sciences,Required,N,6,,C,Y,Y,
,,Biochemistry,Required,N,3,Y,C,Y,N,"A general biochemistry course is required, taught by
a chemistry department with prerequisites that
include General Chemistry and Organic Chemistry."
,,Biology,Required,N,6,,C,Y,Y,
,,Biology/Zoology,Recommended,N,,,C,,,
,,Calculus,,N,,,C,,,
,,College English,Required,N,6,,C,Y,Y,
,,College Mathematics,,N,,,C,,,
,,Computer Science,Recommended,N,,,C,,,
,,Genetics,Required,N,3,Y,C,Y,N,
,,Humanities,Recommended,N,,,C,,,
,,Inorganic Chemistry,Required,N,3,,C,Y,Y,
,,Organic Chemistry,Required,N,3,Y,C,N,N,"Online Organic Chemistry Lab accepted for Spring
and Summer 2020 terms"
,,Physics,Required,N,6,,C,Y,Y,
,,Psychology,Recommended,N,,,C,,,
,,Social Sciences,Recommended,N,,,C,Y,Y,
,,Spanish,Recommended,N,,,C,,,
,,"Speech
Communications",Recommended,N,,,C,,,
,,Statistics,Required,N,3,,C,Y,Y,
AZ,"University of
Arizona College
of Medicine",Behavioral Sciences,Required,,,C,C,Y,Y,"Requirement: One semester or one quarter of Social
or Behavioral Sciences https://
medicine.arizona.edu/admissions/key-info/
requirements"
,,Biochemistry,Required,,,C,C,Y,Y,"Requirement: 2 semesters or 2 quarters of
Biochemistry or (1 Biochemistry/1 Genetics) https://
medicine.arizona.edu/admissions/key-info/
requirements"
,,Biology,,,,,C,,,
,,Biology/Zoology,,,,,C,,,
,,Calculus,,,,,C,,,
,,College English,Required,,,C,C,Y,Y,"Requirement: 2 semesters or 2 quarters of Writing
Intensive/ English
https://medicine.arizona.edu/admissions/key-info/
requirements"
,,College Mathematics,,,,,C,,,
,,Computer Science,,,,,C,,,
,,Genetics,Required,,,C,C,Y,Y,"Requirement: 2 semesters or 2 quarters of
Biochemistry or (1 Biochemistry/1 Genetics) https://
medicine.arizona.edu/admissions/key-info/
requirements"
,,Humanities,,,,,C,,,
,,Inorganic Chemistry,,,,,C,,,
,,"Molecular Biology or
Cell Biology or
Histology or
Microbiology or
Pharmacology or
Pathology or
Immunology",Required,N,,C,C,C,Y,"2 semesters/2 quarters: upper div of any 2 from diff
disciplines: Mole Bio, Cell Bio, Histology,
Microbiology, Pharmacology, Pathology,
Immunology. Can use 1 sem Genetics if taken 2
semesters Biochem."
,,Organic Chemistry,,,,,C,,,
,,Physics,,,,,C,,,
AZ,"University of
Arizona College
of Medicine",Physiology,Required,,,C,C,Y,Y,"Requirement: 2 semesters or 2 quarters of
Physiology https://medicine.arizona.edu/admissions/
key-info/requirements"
,,Psychology,,,,,C,,,
,,Social Sciences,Required,,,C,C,Y,Y,"Requirement: One semester or one quarter of Social
or Behavioral Sciences https://
medicine.arizona.edu/admissions/key-info/
requirements"
,,Statistics/Biostatistics,Required,,,C,C,Y,Y,"Requirement: One semester or one quarter of
Statistics/Biostatistics https://medicine.arizona.edu/
admissions/key-info/requirements"
,"University of
Arizona College
of Medicine -Phoenix",Behavioral Sciences,Required,N,6,C,C,Y,Y,"Disciplines include: cultural anthropology, econ,
health care admin, psychology, sociology, public
policy, family studies, history, political science, social
work, behavioral health, gender studies."
,,Biochemistry,Required,N,3,C,C,Y,Y,
,,Biology,Required,N,6,C,C,Y,Y,"Two courses in any biological discipline are required.
Please note we have a separate requirement
specifically for human or mammalian physiology."
,,Biology/Zoology,,,,,C,,,
,,Calculus,,,,,C,,,
,,Chemistry,Required,N,3,C,C,Y,Y,"Any course within the chemistry department can be
applied to this requirement. Please note we have a
separate requirement specifically for biochemistry."
,,College English,Required,N,6,C,C,Y,Y,"Two writing-intensive courses are required. These
requirements may be met with course work outside
of the English department."
,,College Mathematics,Required,N,3,C,C,Y,Y,"One course beyond College Algebra is required (ex:
Statistics, Precalculus, etc.)."
,,Computer Science,,,,,C,,,
,,Genetics,,,,,C,,,
,,Humanities,Required,N,3,C,C,Y,Y,"Disciplines include: art, music, theater, speech and
communication, philosophy, religion, ethics,
literature, etc."
,,Inorganic Chemistry,,,,,C,,,
AZ,"University of
Arizona College
of Medicine -Phoenix",Organic Chemistry,,,,,C,,,
,,Physics,,,,,C,,,
,,Physiology,Required,N,3,C,C,Y,,"Course must cover human or mammalian physiolgy.
A human anatomy course by itself will not meet this
requirement, however, a combined Anatomy and
Physiololgy course will suffice."
,,Psychology,,,,,C,,,
,,Social Sciences,,,,,C,,,
,,Anatomy,Recommended,,,,C,,,
CA,"California
Northstate
University
College of
Medicine",Behavioral Sciences,Recommended,N,,,C,C,Y,
,,Biochemistry,Required,N,3,,C,C,Y,"1 semester, 1 quarter, or 3 units of Biochemistry"
,,Biology,Required,Y,8,,C,C,Y,"2 semesters, or 3 quarters, or 1 year of Organic
Chemistry with Laboratory"
,,Biology/Zoology,,,,,C,,,
,,Calculus,Recommended,,,,C,C,Y,
,,College English,Required,N,6,,C,Y,Y,"2 semesters, or 3 quarters, or 1 year of college level
English (IB or AP credits may be considered if they
are accepted by the undergraduate program)"
,,College Mathematics,Required,N,6,,C,C,Y,"2 semesters, or 3 quarters of college level Math
(Statistics and/or Calculus preferred)"
,,Computer Science,,,,,C,,,
,,Foreign Language,Recommended,,,,C,,,
,,Genetics,,,,,C,,,
,,Humanities,,,,,C,,,
,,Immunology,Recommended,,,,C,,,
,,Inorganic Chemistry,Required,Y,8,,C,C,,"2 semesters, or 2 quarters of Inorganic Chemistry or
General Chemistry with a minimum of 8 units with
Laboratory"
,,Microbiology,Recommended,,,,C,,,
CA,"California
Northstate
University
College of
Medicine",Organic Chemistry,Required,Y,8,,C,C,Y,"2 semesters, or 2 quarters of Organic Chemistry with
a minimum of 8 units with Laboratory"
,,Physics,Required,N,6,,C,C,Y,"2 semesters, or 3 quarters, or 1 year of Physics"
,,Physiology,Recommended,,,,C,,,
,,Psychology,,,,,C,,,
,,Social Sciences,Recommended,N,,,C,C,C,
,"California
University of
Science and
Medicine-School
of Medicine",Behavioral Sciences,Recommended,,,Y,Y,Y,Y,"We will accept Pass/Fail and online labs for
coursework completed during the 2019-2020,
2020-2021, and 2021-2022 academic years."
,,Biochemistry,Recommended,,,Y,Y,Y,Y,"We will accept Pass/Fail and online labs for
coursework completed during the 2019-2020,
2020-2021, and 2021-2022 academic years."
,,Biology,Recommended,Y,12,Y,Y,Y,Y,"We will accept Pass/Fail and online labs for
coursework completed during the 2019-2020,
2020-2021, and 2021-2022 academic years."
,,Biology/Zoology,,,,,,,,
,,Calculus,Recommended,N,12,Y,Y,Y,Y,"We will accept Pass/Fail and online labs for
coursework completed during the 2019-2020,
2020-2021, and 2021-2022 academic years."
,,College English,Recommended,,12,Y,Y,Y,Y,"We will accept Pass/Fail and online labs for
coursework completed during the 2019-2020,
2020-2021, and 2021-2022 academic years."
,,College Mathematics,Recommended,,,Y,Y,Y,Y,"We will accept Pass/Fail and online labs for
coursework completed during the 2019-2020,
2020-2021, and 2021-2022 academic years."
,,Computer Science,,,,,,,,
,,General Chemistry,Recommended,,,Y,Y,Y,Y,"We will accept Pass/Fail and online labs for
coursework completed during the 2019-2020,
2020-2021, and 2021-2022 academic years."
,,Genetics,,,,,,,,
,,Humanities,Recommended,,,Y,,Y,Y,"We will accept Pass/Fail and online labs for
coursework completed during the 2019-2020,
2020-2021, and 2021-2022 academic years."
CA,"California
University of
Science and
Medicine-School
of Medicine",Inorganic Chemistry,Recommended,Y,12,Y,Y,Y,Y,"We will accept Pass/Fail and online labs for
coursework completed during the 2019-2020,
2020-2021, and 2021-2022 academic years."
,,Molecular Biology,Recommended,,,Y,Y,Y,Y,"We will accept Pass/Fail and online labs for
coursework completed during the 2019-2020,
2020-2021, and 2021-2022 academic years."
,,Organic Chemistry,Recommended,Y,12,Y,Y,Y,Y,"We will accept Pass/Fail and online labs for
coursework completed during the 2019-2020,
2020-2021, and 2021-2022 academic years."
,,Physics,Recommended,Y,12,Y,Y,Y,Y,"We will accept Pass/Fail and online labs for
coursework completed during the
2019-2020,2020-2021, and 2021-2022 academic
years."
,,Psychology,,,,,,,,
,,Social Sciences,,,,,,,,
,"Charles R Drew
University of
Medicine and
Science",Behavioral Sciences,Recommended,N,6,N,N,Y,Y,
,,Biochemistry,Required,N,3,N,N,C,Y,
,,Biology,Required,Y,8,N,N,C,Y,
,,Biology/Zoology,,,,,,,,
,,"Biostatistics &
Epidemiology",Recommended,N,,N,N,,Y,
,,Calculus,Required,N,3,,N,C,Y,
,,College English,Required,N,6,N,N,Y,Y,
,,College Mathematics,,,,,,,,
,,Computer Science,,,,,,,,
,,General Chemistry,Required,Y,8,N,N,C,Y,
,,Genetics,,,,,,,,
,,Humanities,Recommended,,,,,,,
,,Inorganic Chemistry,,,,,,,,
CA,"Charles R Drew
University of
Medicine and
Science",Organic Chemistry,Required,Y,8,N,N,C,Y,
,,Physics,Required,Y,8,N,N,C,Y,
,,Psychology,,,,,,,,
,,Social Sciences,,,,,,,,
,"Kaiser
Permanente
School of
Medicine",Behavioral Sciences,Required,,4,Y,Y,Y,Y,"In light of COVID-19, we will accept Pass/Fail for
coursework completed during the 2019 - 2020 and
2020 - 2021 academic years."
,,Biochemistry,Recommended,,,,,,,
,,Biology,Required,Y,8,Y,Y,Y,Y,"In light of COVID-19, we will accept Pass/Fail and
online labs for coursework completed during the
2019 - 2020 and 2020 - 2021 academic years."
,,Biology/Zoology,Recommended,,,,,,,
,,Calculus,Recommended,,,,,,,
,,College English,Recommended,,,,,,,
,,College Mathematics,Recommended,,,,,,,
,,Computer Science,Recommended,,,,,,,
,,Genetics,Recommended,,,,,,,
,,Humanities,Required,,4,Y,Y,Y,Y,"In light of COVID-19, we will accept Pass/Fail for
coursework completed during the 2019 - 2020 and
2020 - 2021 academic years."
,,Inorganic Chemistry,Required,Y,8,Y,Y,Y,Y,"In light of COVID-19, we will accept Pass/Fail and
online labs for coursework completed during the
2019 - 2020 and 2020 - 2021 academic years."
,,Organic Chemistry,Recommended,,,,,,,
,,Physics,Required,Y,8,Y,Y,Y,Y,"In light of COVID-19, we will accept Pass/Fail and
online labs for coursework completed during the
2019 - 2020 and 2020 - 2021 academic years."
,,Psychology,,,,,,,,
,,Social Sciences,,,,,,,,
CA,"Keck School of
Medicine of the
University of
Southern
California",Behavioral Sciences,,,,,,,,
,,Biochemistry,,,,,,,,
,,Biology,,,,,,,,
,,Biology/Zoology,,N,,,,,,
,,Calculus,,,,,,,,
,,College English,,N,,,,,,
,,College Mathematics,,N,,,,,,
,,Computer Science,,N,,,,,,
,,Genetics,,N,,,,,,
,,Humanities,,,,,,,,
,,Inorganic Chemistry,,,,,,,,
,,Organic Chemistry,,,,,,,,
,,Physics,,,,,,,,
,,Psychology,,N,,,,,,
,,Social Sciences,,,,,,,,
,,Spanish,Recommended,N,,,,,,
,,Statistics,Recommended,N,,,,,,
,"Loma Linda
University School
of Medicine",Behavioral Sciences,,N,,,Y,Y,Y,
,,Biochemistry,Required,N,3,N,N,Y,Y,"One academic term. Organic Chemistry may not be
substituted for this requirement. We will accept Pass/
Fail for coursework taken during the winter/spring
2020 academic terms only."
,,Biology,Required,Y,,N,N,Y,Y,"One year sequence. We will accept Pass/Fail for
coursework taken during the winter/spring 2020
academic terms only."
,,Biology/Zoology,,,,,N,Y,Y,
CA,"Loma Linda
University School
of Medicine",Calculus,,N,,,Y,Y,Y,
,,College English,Required,N,,,Y,Y,Y,"English as required for degree at applicant's U.S. or
Canadian college/university."
,,College Mathematics,,N,,,Y,Y,Y,
,,Computer Science,,N,,,Y,Y,Y,
,,Genetics,,N,,,N,Y,Y,
,,Humanities,,N,,,Y,Y,Y,
,,Inorganic Chemistry,Required,Y,,N,N,Y,Y,"One year sequence. We will accept Pass/Fail for
coursework taken during the winter/spring 2020
academic terms only."
,,Organic Chemistry,Required,Y,,N,N,Y,Y,"One year sequence. We will accept Pass/Fail for
coursework taken during the winter/spring 2020
academic terms only."
,,Physics,Required,Y,,N,N,Y,Y,"One year sequence. We will accept Pass/Fail for
coursework taken during the winter/spring 2020
academic terms only."
,,Psychology,Recommended,N,,,Y,Y,Y,
,,Social Sciences,Recommended,N,,,Y,Y,Y,
,,Statistics,Recommended,N,,,Y,Y,Y,
,"Stanford
University School
of Medicine",Behavioral Sciences,Recommended,Y,,Y,Y,Y,Y,"Stanford Medicine does not have specific course
requirements, but recommends appropriate
preparation for the study of medicine."
,,Biochemistry,Recommended,Y,,Y,Y,Y,Y,"Stanford Medicine does not have specific course
requirements, but recommends appropriate
preparation for the study of medicine."
,,Biology,Recommended,Y,,Y,Y,Y,Y,"Stanford Medicine does not have specific course
requirements, but recommends appropriate
preparation for the study of medicine."
,,Biology/Zoology,Recommended,Y,,Y,Y,Y,Y,"Stanford Medicine does not have specific course
requirements, but recommends appropriate
preparation for the study of medicine."
,,Calculus,Recommended,N,,Y,Y,Y,Y,"Stanford Medicine does not have specific course
requirements, but recommends appropriate
preparation for the study of medicine."
CA,"Stanford
University School
of Medicine",College English,Recommended,N,,Y,Y,Y,Y,"Stanford Medicine does not have specific course
requirements, but recommends appropriate
preparation for the study of medicine."
,,College Mathematics,Recommended,N,,Y,Y,Y,Y,"Stanford Medicine does not have specific course
requirements, but recommends appropriate
preparation for the study of medicine."
,,Computer Science,Recommended,N,,Y,Y,Y,Y,"Stanford Medicine does not have specific course
requirements, but recommends appropriate
preparation for the study of medicine."
,,Genetics,Recommended,Y,,Y,Y,Y,Y,"Stanford Medicine does not have specific course
requirements, but recommends appropriate
preparation for the study of medicine."
,,Humanities,Recommended,N,,Y,Y,Y,Y,"Stanford Medicine does not have specific course
requirements, but recommends appropriate
preparation for the study of medicine."
,,Inorganic Chemistry,Recommended,Y,,Y,Y,Y,Y,"Stanford Medicine does not have specific course
requirements, but recommends appropriate
preparation for the study of medicine."
,,Organic Chemistry,Recommended,Y,,Y,Y,Y,Y,"Stanford Medicine does not have specific course
requirements, but recommends appropriate
preparation for the study of medicine."
,,Physics,Recommended,Y,,Y,Y,Y,Y,"Stanford Medicine does not have specific course
requirements, but recommends appropriate
preparation for the study of medicine."
,,Psychology,Recommended,Y,,Y,Y,Y,Y,"Stanford Medicine does not have specific course
requirements, but recommends appropriate
preparation for the study of medicine."
,,Social Sciences,Recommended,Y,,Y,Y,Y,Y,"Stanford Medicine does not have specific course
requirements, but recommends appropriate
preparation for the study of medicine."
,"University of
California, Davis,
School of
Medicine",Advanced Biology,Recommended,N,,,Y,Y,Y,"1 year (2 semesters or 3 quarters) required, totaling
at least 8 units. We will accept Pass/Fail and online
coursework and labs completed during the
2019-2020 through the 2021-2022 academic years."
,,Behavioral Sciences,Recommended,N,,,,,Y,
,,Biochemistry,Recommended,N,,,,,,
CA,"University of
California, Davis,
School of
Medicine",Biology,Required,N,8,,Y,Y,Y,"1 year (2 semesters or 3 quarters) required, totaling
at least 8 units. We will accept Pass/Fail and online
coursework and labs completed during the
2019-2020 through the 2021-2022 academic years."
,,Biology/Zoology,,N,,,,,,
,,Calculus,,N,,,,,,
,,College English,Recommended,N,,,,,Y,
,,College Mathematics,Recommended,N,,,,,Y,
,,College Statistics,Recommended,N,,,,,,
,,Computer Science,,N,,,,,,
,,Genetics,Recommended,N,,,,,,
,,Humanities,Recommended,N,,,,,Y,
,,Human Physiology,Recommended,N,,,,,,
,,Inorganic Chemistry,Required,N,8,,Y,C,Y,"1 year (2 semesters or 3 quarters) required, totaling
at least 8 units. We will accept Pass/Fail and online
coursework and labs completed during the
2019-2020 through the 2021-2022 academic years."
,,Organic Chemistry,Required,N,8,,Y,C,Y,"1 year (2 semesters or 3 quarters) required, totaling
at least 8 units. We will accept Pass/Fail and online
coursework and labs completed during the
2019-2020 through the 2021-2022 academic years."
,,Physics,Required,N,8,,Y,C,Y,"1 year (2 semesters or 3 quarters) required, totaling
at least 8 units. We will accept Pass/Fail and online
coursework and labs completed during the
2019-2020 through the 2021-2022 academic years."
,,Psychology,,N,,,,,,
,,Social Sciences,Recommended,N,,,,,Y,
,"University of
California, Irvine,
School of
Medicine",Behavioral Sciences,Recommended,N,,,,,,
,,Biochemistry,Required,N,3,,N,Y,Y,"See chemistry requirement, two years of chemistry
are required that include inorganic, organic and
biochemistry."
CA,"University of
California, Irvine,
School of
Medicine",Biology,Required,N,12,C,N,Y,Y,"At least two lower division biology courses and one
upper division course is required. The upper division
course needs to be taken at a 4-year institution."
,,Biology,,,,,,,,
,,Biology/Zoology,,,,,,,,
,,Biostatistics,Recommended,N,,,Y,Y,Y,
,,Calculus,Recommended,N,,,Y,Y,Y,
,,Chemistry,Required,N,16,,Y,Y,Y,"Must equate to 2 years, including general/inorganic
chemistry, organic chemistry and biochemistry."
,,College English,Recommended,N,,,Y,,Y,
,,College Mathematics,,N,,,Y,,,
,,Computer Science,,N,,,Y,,,
,,Genetics,Recommended,N,,,Y,Y,Y,
,,Humanities,Required,N,,,Y,Y,Y,"Applicants must have taken at least one course in
the humanities (English, history, arts)."
,,Inorganic Chemistry,Required,N,3,,Y,Y,Y,"Two years of chemistry are required that include
inorganic, organic and biochemistry."
,,Organic Chemistry,Required,N,3,,N,Y,Y,"Two years of chemistry are required that include
inorganic, organic and biochemistry."
,,Physics,Required,N,6,,Y,Y,Y,
,,Physics,Required,N,8,,Y,Y,Y,Must equate to 1 year
,,Psychology,Recommended,N,,,Y,Y,Y,
,,Social Sciences,Recommended,N,,,Y,Y,Y,
,,Spanish,Recommended,,,,Y,Y,Y,
,"University of
California, Los
Angeles David
Geffen School of
Medicine",Behavioral Sciences,Recommended,N,,N,Y,C,Y,"Pass/Fail only accepted if COVID-19 pandemic
related for courses taken during Spring and/or
Summer 2020."
,,Biochemistry,Recommended,N,,N,Y,C,Y,"Pass/Fail only accepted if COVID-19 pandemic
related for courses taken during Spring and/or
Summer 2020."
CA,"University of
California, Los
Angeles David
Geffen School of
Medicine",Biology,Recommended,N,,N,Y,C,Y,"Pass/Fail only accepted if COVID-19 pandemic
related for courses taken during Spring and/or
Summer 2020."
,,Biology/Zoology,,N,,N,Y,C,Y,"Pass/Fail only accepted if COVID-19 pandemic
related for courses taken during Spring and/or
Summer 2020."
,,Calculus,Recommended,N,,N,Y,C,Y,"Pass/Fail only accepted if COVID-19 pandemic
related for courses taken during Spring and/or
Summer 2020."
,,College English,Recommended,N,,N,Y,C,Y,"Pass/Fail only accepted if COVID-19 pandemic
related for courses taken during Spring and/or
Summer 2020."
,,College Mathematics,Recommended,N,,N,Y,C,Y,"Pass/Fail only accepted if COVID-19 pandemic
related for courses taken during Spring and/or
Summer 2020."
,,Computer Science,,N,,,,,,
,,Genetics,Recommended,N,,N,Y,C,Y,"Pass/Fail only accepted if COVID-19 pandemic
related for courses taken during Spring and/or
Summer 2020."
,,Humanities,Recommended,N,,,,,,
,,Inorganic Chemistry,Recommended,Y,,N,Y,C,Y,"Pass/Fail only accepted if COVID-19 pandemic
related for courses taken during Spring and/or
Summer 2020."
,,Organic Chemistry,Recommended,Y,,N,Y,C,Y,"Pass/Fail only accepted if COVID-19 pandemic
related for courses taken during Spring and/or
Summer 2020."
,,Physics,Recommended,N,,N,Y,C,Y,"Pass/Fail only accepted if COVID-19 pandemic
related for courses taken during Spring and/or
Summer 2020."
,,Psychology,Recommended,N,,N,Y,C,Y,"Pass/Fail only accepted if COVID-19 pandemic
related for courses taken during Spring and/or
Summer 2020."
,,Social Sciences,Recommended,N,,N,Y,C,Y,"Pass/Fail only accepted if COVID-19 pandemic
related for courses taken during Spring and/or
Summer 2020."
,"University of
California,
Riverside School",Behavioral Sciences,Recommended,N,,Y,Y,Y,Y,"For additional information on our program
prerequisites, please see: https://somsa.ucr.edu/
program-prerequisites"
CA,"University of
California, Los
Angeles David
Geffen School of
Medicine",Biology,Recommended,N,,N,Y,C,Y,"Pass/Fail only accepted if COVID-19 pandemic
related for courses taken during Spring and/or
Summer 2020."
,,Biology/Zoology,,N,,N,Y,C,Y,"Pass/Fail only accepted if COVID-19 pandemic
related for courses taken during Spring and/or
Summer 2020."
,,Calculus,Recommended,N,,N,Y,C,Y,"Pass/Fail only accepted if COVID-19 pandemic
related for courses taken during Spring and/or
Summer 2020."
,,College English,Recommended,N,,N,Y,c,Y,"Pass/Fail only accepted if COVID-19 pandemic
related for courses taken during Spring and/or
Summer 2020."
,,College Mathematics,Recommended,N,,N,Y,C,Y,"Pass/Fail only accepted if COVID-19 pandemic
related for courses taken during Spring and/or
Summer 2020."
,,Computer Science,,N,,,,,,
,,Genetics,Recommended,N,,N,Y,C,Y,"Pass/Fail only accepted if COVID-19 pandemic
related for courses taken during Spring and/or
Summer 2020."
,,Humanities,Recommended,N,,,,,,
,,Inorganic Chemistry,Recommended,Y,,N,Y,C,Y,"Pass/Fail only accepted if COVID-19 pandemic
related for courses taken during Spring and/or
Summer 2020."
,,Organic Chemistry,Recommended,Y,,N,Y,C,Y,"Pass/Fail only accepted if COVID-19 pandemic
related for courses taken during Spring and/or
Summer 2020."
,,Physics,Recommended,N,,N,Y,C,Y,"Pass/Fail only accepted if COVID-19 pandemic
related for courses taken during Spring and/or
Summer 2020."
,,Psychology,Recommended,N,,N,Y,C,Y,"Pass/Fail only accepted if COVID-19 pandemic
related for courses taken during Spring and/or
Summer 2020."
,,Social Sciences,Recommended,N,,N,Y,C,Y,"Pass/Fail only accepted if COVID-19 pandemic
related for courses taken during Spring and/or
Summer 2020."
,"University of
California,
Riverside School",Behavioral Sciences,Recommended,N,,Y,Y,Y,Y,"For additional information on our program
prerequisites, please see: https://somsa.ucr.edu/
program-prerequisites"
CA,"University of
California,
Riverside School
of Medicine",Biochemistry,Required,N,,Y,Y,Y,Y,"Labs are not required, but recommended.
For additional information on our program
prerequisites, please see: https://somsa.ucr.edu/
program-prerequisites"
,,Biology,Required,N,,Y,Y,Y,Y,"Labs are not required, but recommended. For
additional information on our program prerequisites,
please see: https://somsa.ucr.edu/program-prerequisites"
,,Biology/Zoology,,,,,,,,
,,Calculus,Required,N,,Y,Y,Y,Y,"We require eight (8) semester hours in calculus and/
or statistics. For additional information on our
program prerequisites, please see: https://
somsa.ucr.edu/program-prerequisites"
,,College English,Recommended,N,,Y,Y,Y,Y,"We recommend a combination of English, writing,
composition, logic, or critical thinking courses."
,,College Mathematics,Required,N,,Y,Y,Y,Y,"We require eight (8) semester hours in calculus and/
or statistics. For additional information on our
program prerequisites, please see: https://
somsa.ucr.edu/program-prerequisites"
,,Computer Science,,,,,,,,
,,Genetics,Recommended,,,Y,,Y,Y,"For additional information on our program
prerequisites, please see: https://somsa.ucr.edu/
program-prerequisites"
,,Humanities,Recommended,,,Y,Y,Y,Y,"For additional information on our program
prerequisites, please see: https://somsa.ucr.edu/
program-prerequisites"
,,Inorganic Chemistry,Required,N,,Y,Y,Y,Y,"Labs are not required, but recommended. For
additional information on our program prerequisites,
please see: https://somsa.ucr.edu/program-prerequisites"
,,Mathematics,Required,N,,Y,Y,Y,Y,"We require Eight (8) semester hours in calculus and/
or statistics. For additional information on our
program prerequisites, please see: https://
somsa.ucr.edu/program-prerequisites"
,,Organic Chemistry,Required,N,,Y,N,Y,Y,"Labs are not required, but recommended. For
additional information on our program prerequisites,
please see: https://somsa.ucr.edu/program-prerequisites"
CA,"University of
California,
Riverside School
of Medicine",Biochemistry,Required,N,,Y,Y,Y,Y,"Labs are not required, but recommended.
For additional information on our program
prerequisites, please see: https://somsa.ucr.edu/
program-prerequisites"
,,Biology,Required,N,,Y,Y,Y,Y,"Labs are not required, but recommended. For
additional information on our program prerequisites,
please see: https://somsa.ucr.edu/program-prerequisites"
,,Biology/Zoology,,,,,,,,
,,Calculus,Required,N,,Y,Y,Y,Y,"We require eight (8) semester hours in calculus and/
or statistics. For additional information on our
program prerequisites, please see: https://
somsa.ucr.edu/program-prerequisites"
,,College English,Recommended,N,,Y,Y,Y,Y,"We recommend a combination of English, writing,
composition, logic, or critical thinking courses."
,,College Mathematics,Required,N,,Y,Y,Y,Y,"We require eight (8) semester hours in calculus and/
or statistics. For additional information on our
program prerequisites, please see: https://
somsa.ucr.edu/program-prerequisites"
,,Computer Science,,,,,,,,
,,Genetics,Recommended,,,Y,,Y,Y,"For additional information on our program
prerequisites, please see: https://somsa.ucr.edu/
program-prerequisites"
,,Humanities,Recommended,,,Y,Y,Y,Y,"For additional information on our program
prerequisites, please see: https://somsa.ucr.edu/
program-prerequisites"
,,Inorganic Chemistry,Required,N,,Y,Y,Y,Y,"Labs are not required, but recommended. For
additional information on our program prerequisites,
please see: https://somsa.ucr.edu/program-prerequisites"
,,Mathematics,Required,N,,Y,Y,Y,Y,"We require Eight (8) semester hours in calculus and/
or statistics. For additional information on our
program prerequisites, please see: https://
somsa.ucr.edu/program-prerequisites"
,,Organic Chemistry,Required,N,,Y,N,Y,Y,"Labs are not required, but recommended. For
additional information on our program prerequisites,
please see: https://somsa.ucr.edu/program-prerequisites"
CA,"University of
California,
Riverside School
of Medicine",Physics,Required,N,,Y,Y,Y,Y,"Labs are not required, but recommended. For
additional information on our program prerequisites,
please see: https://somsa.ucr.edu/program-prerequisites"
,,Psychology,Recommended,N,,Y,Y,Y,Y,"For additional information on our program
prerequisites, please see: https://somsa.ucr.edu/
program-prerequisites"
,,Social Sciences,Recommended,N,,Y,Y,Y,Y,"For additional information on our program
prerequisites, please see: https://somsa.ucr.edu/
program-prerequisites"
,"University of
California, San
Diego School of
Medicine",Behavioral Sciences,,N,,C,Y,Y,Y,
,,Biochemistry,Recommended,N,,C,Y,Y,Y,
,,Biology,Recommended,,,C,Y,Y,Y,
,,Biology/Zoology,,N,,C,Y,Y,Y,
,,Calculus,,,,,,,,
,,Calculus,Recommended,N,,C,Y,Y,Y,
,,College English,Recommended,N,,C,Y,Y,Y,
,,College Mathematics,Recommended,,,C,Y,Y,Y,
,,Computer Science,,N,,C,Y,Y,Y,
,,Genetics,Recommended,N,,C,Y,Y,Y,
,,Humanities,Recommended,N,,C,Y,Y,Y,
,,Inorganic Chemistry,Recommended,,,C,Y,Y,Y,
,,Organic Chemistry,Recommended,,,C,Y,Y,Y,
,,Physics,Recommended,,,C,Y,Y,Y,
,,Psychology,,N,,C,Y,Y,Y,
,,Social Sciences,,N,,C,Y,Y,Y,
,,Statistics,Recommended,,,C,Y,Y,Y,
CA,"University of
California, San
Francisco,
School of
Medicine",Behavioral Sciences,,N,,,Y,,,
,,Biochemistry,Required,N,4,,Y,Y,Y,
,,Biology,Required,Y,8,,Y,Y,Y,
,,Biology/Zoology,,,,,Y,,,
,,Calculus,,N,,,Y,,,
,,College English,,N,,,Y,,,
,,College Mathematics,,N,,,Y,,,
,,Computer Science,,N,,,Y,,,
,,Genetics,,N,,,Y,,,
,,Humanities,,N,,,Y,,,
,,Inorganic Chemistry,Required,Y,8,,Y,Y,Y,AP credit must appear on official transcript.
,,Organic Chemistry,Required,N,4,,Y,Y,Y,
,,Physics,Required,Y,8,,Y,Y,Y,AP credit must appear on official transcript.
,,Psychology,,N,,,Y,,,
,,Social Sciences,,N,,,Y,,,
CO,"University of
Colorado School
of Medicine",Behavioral Sciences,Recommended,N,,,Y,,,
,,Biochemistry,Recommended,N,,,Y,,,"Applicants should demonstrate competence in basic
principles of chemistry as it pertains to living systems
and knowledge of how biomolecules contribute to
structure and function of cells and organs."
,,Biology,Recommended,,,,Y,,,"Applicants should demonstrate an understanding of
molecular and cellular biology, genetics, and
principles underlying the structure and function of
organ systems and regulation of human physiology."
,,Biology/Zoology,,N,,,Y,,,
,,Calculus,,N,,,Y,,,
CO,"University of
Colorado School
of Medicine",College English,Recommended,,,,Y,,,
,,College Mathematics,Recommended,,,,Y,,,
,,Computer Science,,N,,,Y,,,
,,Genetics,Recommended,N,,,Y,,,
,,Humanities,,,,,Y,,,
,,Inorganic Chemistry,Recommended,,,,Y,,,
,,Organic Chemistry,Recommended,,,,Y,,,
,,Other,Recommended,N,,,Y,,,
,,Physics,,,,,Y,,,
,,Psychology,Recommended,N,,,Y,,,
,,Social Sciences,Recommended,N,,,Y,,,"Applicants should be aware of factors that influence
individual, community, and societal decisions
regarding health and health care delivery."
CT,"Frank H. Netter
MD School of
Medicine at
Quinnipiac
University",Behavioral Sciences,,,,,Y,,,
,,Biochemistry,Required,N,3,,Y,C,Y,"Online coursework and P/F grading are acceptable if
completed as a result of COVID-related adjustments."
,,Biology,Required,Y,8,,Y,C,Y,"Online coursework and P/F grading are acceptable if
completed as a result of COVID-related adjustments."
,,Biology/Zoology,,,,,Y,,,
,,Calculus,,,,,Y,,,
,,College English,Required,,6,,Y,C,Y,"Online coursework and P/F grading are acceptable if
completed as a result of COVID-related adjustments."
,,College Mathematics,Required,,6,,Y,C,Y,"Online coursework and P/F grading are acceptable if
completed as a result of COVID-related adjustments."
,,Computer Science,,,,,Y,,,
,,Genetics,Recommended,,,,Y,,,
,,Humanities,Recommended,,,,Y,,,
,"Frank H. Netter
MD School of
Medicine at
Quinnipiac
University",Inorganic Chemistry,Required,Y,8,,Y,,Y,"Online coursework and P/F grading are acceptable if
completed as a result of COVID-related adjustments."
,,Organic Chemistry,Required,Y,4,,Y,,Y,"Online coursework and P/F grading are acceptable if
completed as a result of COVID-related adjustments."
,,Physics,Required,N,6,,Y,,Y,"Online coursework and P/F grading are acceptable if
completed as a result of COVID-related adjustments."
,,Psychology,Recommended,,,,Y,,,
,,Social Sciences,Recommended,,,,Y,,,
,,Behavioral Sciences,Recommended,N,,,Y,,,
,,Biochemistry,Recommended,N,,,Y,,,
,,Biology,,,,,Y,,,
,,Biology/Zoology,Required,Y,8,,Y,,N,
,,Calculus,,N,,,Y,,,
,,College English,Required,,6,,Y,,N,
,,College Mathematics,Recommended,N,,,Y,,,
,,Computer Science,,N,,,Y,,,
,,Genetics,Recommended,N,,,Y,,,
,,Humanities,Recommended,N,,,Y,,,
CT,"University of
Connecticut
School of
Medicine",Inorganic Chemistry,Required,Y,12,,Y,Y,C,[image]
,,Organic Chemistry,Required,Y,4,,Y,Y,C,[image]
,,Physics,Required,Y,8,,Y,Y,C,[image]
,,Physiology,Recommended,N,,,Y,,,
,,Psychology,Recommended,N,,,Y,,,
,,Social Sciences,Recommended,N,,,Y,,,
,"Yale School of
Medicine",Behavioral Sciences,,N,,,Y,,,
CT,"Yale School of
Medicine",Biochemistry,Required,Y,3,,Y,C,Y,"One semester. Laboratory recommended, but is not
required."
,,Biology,,N,,,Y,,,
,,Biology/Zoology,Required,Y,8,,Y,C,Y,Two semesters.
,,Calculus,,,,,Y,,,
,,College English,,N,,,Y,,,
,,College Mathematics,,N,,,Y,,,
,,Computer Science,,N,,,Y,,,
,,Genetics,,N,,,Y,,,
,,Humanities,,N,,,Y,,,
,,Inorganic Chemistry,Required,Y,8,,Y,C,Y,Two semesters.
,,Organic Chemistry,Required,Y,4,,Y,C,Y,One semester.
,,Physics,Required,Y,8,,Y,C,Y,Two semesters.
,,Psychology,,N,,,Y,,,
,,Social Sciences,,N,,,Y,,,
DC,"Georgetown
University School
of Medicine",Behavioral Sciences,Recommended,N,,,Y,N,Y,
,,Biochemistry,Recommended,N,,,Y,N,Y,
,,Biology,Required,Y,8,,Y,N,Y,
,,Biology/Zoology,,N,,,Y,N,Y,
,,Calculus,Recommended,N,,,Y,N,Y,
,,College English,Recommended,N,,,Y,N,Y,
,,College Mathematics,Required,N,4,,Y,N,Y,
,,Computer Science,Recommended,N,,,Y,N,Y,
,,Genetics,Recommended,N,,,Y,N,Y,
DC,"Georgetown
University School
of Medicine",Humanities,Recommended,N,,,Y,N,Y,
,,Inorganic Chemistry,Required,Y,8,,Y,N,Y,
,,Organic Chemistry,Required,Y,8,,Y,N,Y,
,,Physics,Required,Y,8,,Y,N,Y,
,,Psychology,Recommended,N,,,Y,N,Y,
,,Social Sciences,Recommended,N,,,Y,N,Y,
,"George
Washington
University School
of Medicine and
Health Sciences",Behavioral Sciences,Recommended,N,,,Y,Y,,"Online for Fall 2020 and Spring 2021 coursework is
acceptable."
,,Biochemistry,Recommended,,,,Y,Y,,"Online for Fall 2020 and Spring 2021 coursework
acceptable."
,,Biology,Recommended,Y,,,Y,Y,,"Online for Fall 2020 and Spring 2021 coursework
acceptable."
,,Biology/Zoology,,,,,Y,,,
,,Calculus,,,,,Y,,,
,,College English,Recommended,,,,Y,Y,,"Online for Fall 2020 and Spring 2021 coursework
acceptable."
,,College Mathematics,Recommended,,,,Y,Y,,"Online for Fall 2020 and Spring 2021 coursework
acceptable."
,,Computer Science,,,,,Y,,,
,,Genetics,,,,,Y,,,
,,Humanities,Recommended,,,,Y,Y,,"Online for Fall 2020 and Spring 2021 coursework
acceptable."
,,Inorganic Chemistry,Recommended,Y,,,Y,Y,,"Online for Fall 2020 and Spring 2021 coursework
acceptable."
,,Organic Chemistry,Recommended,Y,,,Y,Y,,"Online for Fall 2020 and Spring 2021 coursework
acceptable."
,,Physics,Recommended,Y,,,Y,Y,,"Online for Fall 2020 and Spring 2021 coursework
acceptable."
,,Psychology,Recommended,,,,Y,Y,,"Online for Fall 2020 and Spring 2021 coursework
acceptable."
,,Social Sciences,Recommended,,,,Y,Y,,"Online for Fall 2020 and Spring 2021 coursework
acceptable."
DC,"Howard
University
College of
Medicine",Behavioral Sciences,Recommended,N,,,Y,,,
,,Biochemistry,Required,N,3,,Y,Y,Y,
,,Biology,Required,Y,8,,Y,Y,,
,,Biology/Zoology,,N,,,Y,,,
,,Calculus,,N,,,Y,,,
,,College English,Required,N,6,,Y,Y,Y,
,,College Mathematics,Required,N,6,,Y,Y,Y,
,,Computer Science,,N,,,Y,,,
,,Genetics,Recommended,N,,,Y,Y,Y,
,,Humanities,Required,N,6,,Y,Y,Y,
,,Inorganic Chemistry,Required,Y,8,,Y,Y,Y,
,,Organic Chemistry,Required,Y,8,,Y,Y,Y,
,,Physics,Required,Y,8,,Y,Y,Y,
,,Psychology,Recommended,N,,,Y,Y,Y,
,,Social Sciences,Recommended,N,,,Y,Y,Y,
FL,"Charles E.
Schmidt College
of Medicine at
Florida Atlantic
University",Behavioral Sciences,Recommended,,3,,Y,Y,Y,
,,Biochemistry,Recommended,Y,4,,Y,N,Y,
,,Biology,Required,Y,8,,Y,N,Y,"the Admissions Committee prefers this course be
taken with 5 years of the application date"
,,Biology/Zoology,,,,,Y,,,
,,Calculus,,,,,Y,,,
,,College English,Required,N,6,,Y,C,Y,
,,College Mathematics,Required,N,6,,Y,C,Y,
,,Computer Science,Recommended,,3,,Y,Y,Y,
,,Genetics,Recommended,Y,4,,Y,N,Y,
,,Humanities,Recommended,,6,,Y,,Y,
,,Inorganic Chemistry,Required,Y,8,,Y,,Y,"the Admissions Committee prefers this course be
taken with 5 years of the application date"
,,Organic Chemistry,Required,Y,8,,Y,,N,"the Admissions Committee prefers this course be
taken with 5 years of the application date"
FL,"Charles E.
Schmidt College
of Medicine at
Florida Atlantic
University",Physics,Required,Y,8,,Y,,Y,"the Admissions Committee prefers this course be
taken with 5 years of the application date"
,,Psychology,Recommended,N,3,,Y,,Y,
,,Social Sciences,Recommended,,6,,Y,,Y,
,"Florida
International
University
Herbert
Wertheim
College of
Medicine",Behavioral Sciences,Recommended,N,,,Y,,Y,"We will accept Pass/Fail and online labs for
coursework completed during the 2019-2020 and
2020-2021 academic years."
,,Biochemistry,Recommended,Y,4,,Y,,Y,"Course can be used to satisfy Organic 2
requirement; We will accept Pass/Fail and online
labs for coursework completed during the 2019-2020
and 2020-2021 academic years."
,,Biology,Required,Y,8,,Y,,Y,"We will accept Pass/Fail and online labs for
coursework completed during the 2019-2020 and
2020-2021 academic years."
,,Biology/Zoology,,N,,,Y,,,"We will accept Pass/Fail and online labs for
coursework completed during the 2019-2020 and
2020-2021 academic years."
,,Calculus,,N,,,Y,,Y,"We will accept Pass/Fail and online labs for
coursework completed during the 2019-2020 and
2020-2021 academic years."
,,Cell Biology,Recommended,,,,Y,,Y,"We will accept Pass/Fail and online labs for
coursework completed during the 2019-2020 and
2020-2021 academic years."
,,College English,Required,N,6,,Y,,Y,"We will accept Pass/Fail and online labs for
coursework completed during the 2019-2020 and
2020-2021 academic years."
,,College Mathematics,Required,N,6,,Y,,Y,"We will accept Pass/Fail and online labs for
coursework completed during the 2019-2020 and
2020-2021 academic years."
FL,"Florida
International
University
Herbert
Wertheim
College of
Medicine",Computer Science,,N,,,Y,Y,Y,"We will accept Pass/Fail and online labs for
coursework completed during the 2019-2020 and
2020-2021 academic years."
,,Foreign Language,Recommended,N,,,Y,Y,Y,"We will accept Pass/Fail and online labs for
coursework completed during the 2019-2020 and
2020-2021 academic years."
,,Genetics,Recommended,N,,,Y,Y,Y,"We will accept Pass/Fail and online labs for
coursework completed during the 2019-2020 and
2020-2021 academic years."
,,Humanities,Recommended,N,,,Y,Y,Y,"We will accept Pass/Fail and online labs for
coursework completed during the 2019-2020 and
2020-2021 academic years."
,,Immunology,Recommended,N,,,Y,Y,Y,"We will accept Pass/Fail and online labs for
coursework completed during the 2019-2020 and
2020-2021 academic years."
,,Inorganic Chemistry,Required,Y,8,,Y,Y,Y,"We will accept Pass/Fail and online labs for
coursework completed during the 2019-2020 and
2020-2021 academic years."
,,Microbiology,Recommended,N,,,Y,Y,Y,"We will accept Pass/Fail and online labs for
coursework completed during the 2019-2020 and
2020-2021 academic years."
,,Organic Chemistry,Required,Y,8,,Y,Y,Y,"Satisfied by either Organic Chemistry 1 & 2 or
Organic Chemistry 1 & Biochemistry; We will accept
Pass/Fail and online labs for coursework completed
during the 2019-2020 and 2020-2021 academic
years."
,,Physics,Required,Y,8,,Y,Y,Y,"We will accept Pass/Fail and online labs for
coursework completed during the 2019-2020 and
2020-2021 academic years."
,,Psychology,,N,,,Y,Y,Y,"We will accept Pass/Fail and online labs for
coursework completed during the 2019-2020 and
2020-2021 academic years."
,,Social Sciences,Recommended,N,,,Y,Y,Y,"We will accept Pass/Fail and online labs for
coursework completed during the 2019-2020 and
2020-2021 academic years."
,,Statistics,Recommended,N,,,Y,Y,Y,"We will accept Pass/Fail and online labs for
coursework completed during the 2019-2020 and
2020-2021 academic years."
,"Florida State
University",Behavioral Sciences,,,,,Y,,,
,"Florida State
University
College of
Medicine",Biochemistry,Required,N,3,,Y,,,"Applicants must complete a Biochemistry course
which requires at least one Organic Chemistry
course as a pre-requisite. One credit hour of
biochemistry laboratory is preferred but not required."
,,Biology,Required,Y,8,,Y,,,
,,Biology/Zoology,,N,,,Y,,,
,,Calculus,,N,,,Y,,,
,,College English,Required,N,6,,Y,,,"Other writing intensive courses may substitute for
English requirement."
,,College Mathematics,Required,N,6,,Y,,,Statistics is recommended.
,,Computer Science,,N,,,Y,,,
,,Genetics,Recommended,N,3,,Y,,,
,,Humanities,,N,,,Y,,,
,,Inorganic Chemistry,,N,,,Y,,,
,,Organic Chemistry,Required,Y,4,,Y,,,
,,Physics,Required,Y,8,,Y,,,
,,Psychology,Recommended,N,3,,Y,,,
,,Social Sciences,Recommended,N,3,,Y,,,
,,Spanish,Recommended,N,6,,Y,,,
,,Statistics,Recommended,N,,,Y,,,
FL,"Nova
Southeastern
University Dr.
Kiran C. Patel
College of
Allopathic
Medicine",Anatomy,Recommended,N,,,Y,C,Y,
,,Behavioral Sciences,Recommended,,,,Y,,Y,Y
,,Biochemistry,Required,,,,Y,C,Y,
,,Biology,Required,,,Y,Y,C,Y,
,,Biology/Zoology,Recommended,,,,Y,C,Y,
,,Calculus,Recommended,,,,Y,,Y,Y
,,College English,Recommended,,,,Y,,Y,
,,College Mathematics,Required,,,,Y,,Y,Y
,,Computer Science,,,,,Y,,Y,
,,Genetics,Recommended,,,,Y,C,Y,
,,Humanities,Recommended,,,,Y,,Y,
,,Immunology,Recommended,N,,,Y,C,Y,
FL,"Nova
Southeastern
University Dr.
Kiran C. Patel
College of
Allopathic
Medicine",Inorganic Chemistry,Recommended,N,,,Y,C,Y,
,,Organic Chemistry,Required,,,Y,Y,C,Y,
,,Physics,Required,N,,,Y,C,Y,
,,Physiology,Recommended,N,,,Y,C,Y,
,,Psychology,Recommended,,,,Y,,Y,Y
,,Social Sciences,Recommended,,,,Y,,Y,
,"University of
Central Florida
College of
Medicine",Anatomy,Recommended,N,,,Y,,,
,,Behavioral Sciences,Recommended,N,,,Y,,,
,,Biochemistry,Recommended,N,,,Y,,,
,,Biology,Required,Y,8,,Y,,,
,,Biology/Zoology,,N,,,Y,,,
,,Calculus,Recommended,N,,,Y,,,
,,Cell Biology,Recommended,N,,,Y,,,
,,College English,Required,N,6,,Y,,,
,,College Mathematics,Required,N,6,,Y,,,
,,Computer Science,,N,,,Y,,,
,,Genetics,Recommended,N,,,Y,,,
,,Humanities,,,,,Y,,,
,"University of
Central Florida
College of
Medicine",Inorganic Chemistry,Required,Y,8,,Y,Y,,[image]
,,Organic Chemistry,Required,Y,8,,Y,Y,,[image]
,,Physics,Required,Y,8,,Y,Y,,[image]
,,Psychology,Recommended,N,,,Y,Y,,[image]
,,Social Sciences,Recommended,N,,,Y,Y,,
,,Statistics,Recommended,N,,,Y,Y,,
,,Behavioral Sciences,,N,,,Y,,,
FL,"University of
Florida College
of Medicine",Biochemistry,Required,,3,N,Y,N,Y,
,,Biology,Required,Y,8,,Y,Y,,"AP and other test credit is only accepted if graded
coursework in the discipline is also completed, at the
discretion of the committee"
,,Biology/Zoology,,,,,Y,,,
,,Calculus,Recommended,N,,,Y,,,
,,College English,,N,,,Y,,,
,,College Mathematics,,N,,,Y,,,
,,Computer Science,,N,,,Y,,,
,,General Chemistry,Required,Y,8,,Y,Y,,[image]
,,Genetics,Recommended,N,,,Y,,,
,,Humanities,,N,,,Y,,,
,,Inorganic Chemistry,,N,,,Y,Y,N,"Inorganic chemistry, as distinguished from general
chemistry, is an upper division chemistry course
offered by a 4 year institution. Not required but may
sub for general chemistry."
,,Molecular Biology,Recommended,N,,,Y,,,
,,Organic Chemistry,Required,Y,4,,Y,Y,,[image]
,"University of
Florida College
of Medicine",Physics,Required,,8,,Y,,,C [image]
,,Psychology,,Y,,,Y,,,
,,Social Sciences,Recommended,N,,,Y,,,
,,Statistics,Recommended,N,,,Y,,,
FL,"University of
Miami Leonard
M. Miller School
of Medicine",Behavioral Sciences,Required,,6,,Y,,,"Online accepted if unable to take on-site because of
the COVID Pandemic."
,,Biochemistry,Required,N,3,,Y,,,"Online accepted if unable to take on-site because of
the COVID Pandemic."
,,Biology,Required,N,8,,Y,,,"Online accepted if unable to take on-site because of
the COVID Pandemic."
,,Biology/Zoology,,N,,Y,Y,,,"Online accepted if unable to take on-site because of
the COVID Pandemic."
,,Calculus,,Y,,,Y,,,
,,College English,Required,N,6,Y,Y,,,"Online accepted if unable to take on-site because of
the COVID Pandemic."
,,College Mathematics,,Y,,,Y,,,
,,Computer Science,Recommended,N,,,Y,,C,"Online accepted if unable to take on-site because of
the COVID Pandemic."
,,Genetics,Recommended,N,,,Y,,C,"Online accepted if unable to take on-site because of
the COVID Pandemic."
,,Humanities,Recommended,N,,,Y,,C,"Online accepted if unable to take on-site because of
the COVID Pandemic."
,,Inorganic Chemistry,Required,N,8,Y,Y,,,"Online accepted if unable to take on-site because of
the COVID Pandemic."
,,Organic Chemistry,Required,Y,4,Y,Y,,,"Online accepted if unable to take on-site because of
the COVID Pandemic."
,,Physics,Required,Y,8,Y,Y,,,"Online accepted if unable to take on-site because of
the COVID Pandemic."
,,Psychology,Recommended,Y,,,Y,,C,"Online accepted if unable to take on-site because of
the COVID Pandemic."
,,Social Sciences,Recommended,N,,,Y,,C,"Online accepted if unable to take on-site because of
the COVID Pandemic."
,"USF Health
Morsani College",Behavioral Sciences,Recommended,N,,,Y,,,[image] Y
FL,"USF Health
Morsani College
of Medicine",Biochemistry,Required,N,3,,Y,C,Y,
,,Biology,Required,Y,8,,Y,C,Y,
,,Biology/Zoology,Recommended,N,,,Y,C,Y,
,,Calculus,Recommended,N,,,Y,C,Y,
,,College English,Required,N,6,,Y,C,Y,
,,College Mathematics,Required,N,6,,Y,C,Y,
,,Computer Science,Recommended,N,,,Y,C,Y,
,,Genetics,Recommended,N,,,Y,C,Y,
,,Humanities,Recommended,N,,,Y,C,Y,
,,Inorganic Chemistry,Recommended,Y,,,Y,C,Y,
,,Organic Chemistry,Required,Y,4,,Y,C,Y,
,,Physics,Required,Y,8,,Y,C,Y,
,,Psychology,Recommended,N,,,Y,C,Y,
,,Social Sciences,Recommended,N,,,Y,C,Y,
GA,"Emory University
School of
Medicine",Behavioral Sciences,Recommended,N,,,Y,Y,Y,"We will accept both Pass/Fail and online
coursework."
,,Biochemistry,Recommended,N,,,Y,Y,Y,
,,Biology,Required,Y,8,,Y,Y,Y,"We will accept both Pass/Fail and online
coursework."
,,Biology/Zoology,,N,,,Y,,,
,,Calculus,,N,,,Y,,,
,,College English,Required,N,6,,Y,Y,Y,"We will accept both Pass/Fail and online
coursework."
,,College Mathematics,,N,,,Y,,,
,,Computer Science,,N,,,Y,,,
GA,"Emory University
School of
Medicine",Genetics,,N,,,Y,,,
,,Humanities,Required,N,18,,Y,Y,Y,"We will accept both Pass/Fail and online
coursework."
,,Inorganic Chemistry,Required,Y,8,,Y,Y,Y,"We will accept Pass/Fail and online coursework
completed during the 2019-20 and 2020-21
academic years."
,,Organic Chemistry,Required,Y,8,,Y,Y,Y,"We will accept both Pass/Fail and online
coursework."
,,Physics,Required,Y,8,,Y,Y,Y,"This requirement can be met with 8 credit hours in
any physical science course that includes lab
(physics, geology, ecology, etc.). We will accept
both Pass/Fail and online coursework."
,,Psychology,Recommended,N,,,Y,Y,Y,
,,Social Sciences,Recommended,,,,Y,Y,Y,"We will accept both Pass/Fail and online
coursework."
,"Medical College
of Georgia at
Augusta
University",Behavioral Sciences,,N,,,Y,,,
,,Biochemistry,Required,N,3,,Y,N,Y,"One academic year of Chemistry during college. Of
the year, one semester must be Organic Chemistry
and one semester must be Biochemistry.
(AP credit may NOT be used to place out of this
requirement.)"
,,Biology,Required,Y,8,,Y,N,Y,"One academic year of General Biology or Zoology (2
semesters lab). If General Biology AP is used,
students must also have 2 semesters of Advanced
Biology courses and labs completed in college."
,,Biology/Zoology,,,,,Y,,,
,,Calculus,,N,,,Y,,,
,,Cellular Biology,Recommended,N,,,Y,N,Y,
,,Chemistry,Required,N,6,,Y,N,Y,"One academic year of Chemistry during college. Of
the year, one semester must be Organic Chemistry
and one semester must be Biochemistry.
(AP credit may NOT be used to place out of this
requirement.)"
GA,"Medical College
of Georgia at
Augusta
University",College English,Required,N,6,,Y,Y,Y,"One academic year of English. AP and online course
work accepted for non science courses from an
accredited university and must appear on the official
transcript."
,,College Mathematics,,N,,,Y,,,
,,Computer Science,,N,,,Y,,,
,,Genetics,Recommended,N,,,Y,N,Y,
,,Humanities,Recommended,N,,,Y,Y,Y,
,,Inorganic Chemistry,Recommended,N,,,Y,N,Y,
,,Organic Chemistry,Required,N,3,,Y,N,Y,"One academic year of Chemistry during college. Of
the year, one semester must be Organic Chemistry
and one semester must be Biochemistry.
(AP credit may NOT be used to place out of this
requirement.)"
,,Physics,Required,Y,8,,Y,N,Y,"One academic year of Physics with 2 semesters of
lab.
(AP credit may be used to place out of this
requirement.)"
,,Psychology,,N,,,Y,,,
,,Social Sciences,Recommended,N,,,Y,Y,Y,
,,Statistics,Required,N,3,,Y,Y,Y,"One semester - see admissions website for details.
AP and online course work accepted for non-science
courses from an accredited university; coursework
must appear on the official transcript."
,"Mercer University
School of
Medicine",Behavioral Sciences,Recommended,N,,,Y,Y,Y,
,,Biochemistry,Recommended,N,,,Y,N,Y,
,,Biology,Required,Y,8,,Y,N,Y,"Those with AP credits must have taken advanced
courses with lab in the same domain in college.
Online laboratory sections accepted for duration of
COVID-19 pandemic."
,,Biology/Zoology,,N,,,Y,N,Y,
,,Calculus,,N,,,Y,Y,Y,
GA,"Mercer University
School of
Medicine",College English,Recommended,N,,,Y,Y,Y,
,,College Mathematics,Recommended,N,,,Y,Y,Y,
,,Computer Science,Recommended,N,,,Y,Y,Y,
,,Genetics,Recommended,,,,Y,Y,Y,"Online laboratory component accepted during
coronavirus pandemic."
,,Humanities,Recommended,N,,,Y,Y,Y,
,,Inorganic Chemistry,Required,Y,8,,Y,N,Y,"8 hrs of General or Inorganic Chemistry with lab.
Those with AP credits must have taken advanced
courses with lab in the same domain in college.
Online laboratory accepted during coronaviurs
pandemic."
,,Organic Chemistry,Required,Y,8,,Y,N,Y,"Those with AP credits must have taken advance
courses with lab, such as Biochemistry. Biochem
with lab may substitute for second organic semester.
Online labs accepted during coronavirus pandemic."
,,Physics,Required,Y,8,,Y,N,Y,"AP credit may be used in place of one semester only
of the Physics requirement. Online labs accepted
during coronavirus pandemic."
,,Psychology,Recommended,,,,Y,Y,Y,
,,Social Sciences,Recommended,N,,,Y,Y,Y,
,"Morehouse
School of
Medicine",Behavioral Sciences,Recommended,N,,,Y,Y,Y,"Online coursework will be accepted if completed
during Spring semester 2019-2020 and Fall
semester of 2020-2021 academic years."
,,Biochemistry,Recommended,Y,3,,Y,Y,Y,"A minimum of 3 semester hours or 5 quarter hours.
Laboratory component is not required but may prove
beneficial to the student"
,,Biology,Required,Y,8,,Y,Y,Y,"A minimum of 8 semester hours with laboratory
component or a minimum of 9 quarter hours with lab.
Online coursework will be accepted for Spring
semester 2019-2020 and Fall semester of
2020-2021."
,,Biology/Zoology,,N,,,Y,,,
,,Calculus,,N,,,Y,,,
,,College English,Required,N,,,Y,Y,Y,A minimum of 6 semester hours or 9 quarter hours
GA,"Morehouse
School of
Medicine",College Mathematics,Required,N,6,,Y,Y,Y,"A minimum of 6 semester hours or 9 quarter hours.
Require mathematics for science majors. Online
coursework will be accepted for Spring semester
2019-2020 and Fall semester 2020-2021 academic
years."
,,Computer Science,,N,,,Y,,,
,,Genetics,Recommended,N,3,,Y,Y,Y,"A minimum of 3 semester hours or 5 quarter hours.
Laboratory component is not required"
,,Humanities,,N,,,Y,,,
,,Inorganic Chemistry,Required,Y,8,,Y,Y,Y,"A minimum of 8 semester hours with lab or a
minimum of 12 quarter hours with lab. Online
coursework will be accepted if completed during
Spring semester 2019-2020 and Fall semester of
2020-2021."
,,Organic Chemistry,Required,Y,8,,Y,Y,Y,"A minimum of 8 semester hours with lab or a
minimum of 12 quarter hours with lab. Online
coursework will be accepted if completed during
Spring semester 2019-2020 and Fall semester of
2020-2021."
,,Physics,Required,Y,8,,Y,Y,Y,"A minimum of 8 semester hours with lab or a
minimum of 12 quarter hours with lab. Online
coursework will be accepted if completed during
Spring semester 2019-2020 and Fall semester of
2020-2021."
,,Psychology,Recommended,N,3,,Y,Y,Y,A minimum of 3 semester hours or 5 quarter hours
,,Social Sciences,,N,,,Y,,,
,,Statistics,Recommended,N,,,Y,Y,Y,A minimum of 3 semester hours or 5 quarter hours
HI,"University of
Hawaii, John A.
Burns School of
Medicine",Anatomy,Recommended,,,,Y,,,
,,Behavioral Sciences,Recommended,N,,,Y,,,
,,Biochemistry,Required,N,3,,Y,C,Y,
,,Biology,Required,Y,8,,Y,C,Y,
,,Biology/Zoology,Recommended,N,,,Y,,,
HI,"University of
Hawaii, John A.
Burns School of
Medicine",Calculus,Recommended,N,,,Y,,,
,,College English,Recommended,N,,,Y,,,
,,College Mathematics,,,,,Y,,,
,,Computer Science,,,,,Y,,,
,,Genetics,Recommended,N,,,Y,,,
,,Humanities,Recommended,N,,,Y,,,
,,Immunology,Recommended,N,,,Y,,,
,,Inorganic Chemistry,Required,Y,8,,Y,C,Y,
,,Microbiology,Recommended,,,,Y,,,
,,Organic Chemistry,Required,Y,8,,Y,C,Y,
,,Physics,Required,Y,8,,Y,C,Y,
,,Physiology,Recommended,,,,Y,,,
,,Psychology,,,,,Y,,,
,,Social Sciences,Recommended,N,,,Y,,,
,,Statistics,Recommended,,,,Y,,,
IA,"University of
Iowa Roy J. and
Lucille A. Carver
College of
Medicine",Behavioral Sciences,,N,,,Y,,,
,,Biochemistry,Required,N,3,Y,Y,Y,Y,
,,Biology,Required,Y,8,Y,Y,Y,Y,
,,Biology (Advanced),Required,N,3,Y,Y,Y,Y,
,,Biology/Zoology,,,,,Y,,,
,,Calculus,,N,,,Y,,,
,,College English,Required,N,6,Y,Y,Y,Y,
,,College Mathematics,Required,N,3,Y,Y,Y,Y,
IA,"University of
Iowa Roy J. and
Lucille A. Carver
College of
Medicine",Computer Science,,N,,,Y,,,
,,Genetics,Recommended,N,,Y,Y,Y,Y,
,,Humanities,,,,,Y,,,
,,"Humanities/Social,
Behavioral Sciences/
Humanities",Required,N,12,Y,Y,Y,Y,
,,Inorganic Chemistry,Required,Y,8,Y,Y,Y,Y,
,,Organic Chemistry,Required,Y,8,,Y,Y,Y,
,,Physics,Required,Y,8,,Y,Y,Y,
,,Psychology,,N,,,Y,,,
,,Social Sciences,Recommended,N,,Y,Y,Y,Y,"Coursework that addresses race/racism in the
United States in the strongly encouraged. Other
recommended courses: psychology, sociology,
languages, and other non-science, writing intensive
courses"
IL,"Carle Illinois
College of
Medicine",Behavioral Sciences,,,,,Y,,,
,,Biochemistry,Recommended,N,,,Y,Y,Y,Biochemistry (1 semester)
,,Biology,Recommended,Y,,,Y,Y,Y,Biology with Lab (2 semesters)
,,Biology/Zoology,,,,,Y,,,
,,Calculus,Recommended,N,,,Y,Y,Y,Calculus (2 semesters)
,,College English,,,,,Y,,,
,,College Mathematics,,,,,Y,,,
,,Computer Science,,,,,Y,,,
,,Differential Equations,Recommended,N,,,Y,Y,Y,"Differential equations (1 semester) in addition to
calculus 1 and calculus 2 or equivalent"
,,Genetics,,,,,Y,,,
,,Humanities,Recommended,N,,,Y,Y,Y,"Humanities course work as defined by the
undergraduate major"
IL,"Carle Illinois
College of
Medicine",Inorganic Chemistry,,,,,Y,,,
,,Linear Algebra,Recommended,N,,,Y,Y,Y,"Linear algebra (1 semester) in addition to calculus 1
and calculus 2 or equivalent"
,,"Multivariable
Calculus",Recommended,N,,,Y,Y,Y,"Multivariable calculus (1 semester) in addition to
calculus 1 and calculus 2 or equivalent"
,,Organic Chemistry,Recommended,Y,,,Y,Y,Y,General/Organic Chemistry with Lab (3 semesters)
,,Physics,Recommended,Y,,,Y,Y,Y,Physics with Lab (2 semesters)
,,"Physiology, Systems
Biology or Other
Advanced Biology",Recommended,N,,,Y,Y,Y,"Physiology, Systems Biology or other advanced
biology course (1 semester)"
,,Psychology,,,,,Y,,,
,,Social Sciences,Recommended,N,,,Y,Y,Y,"Social Science course work as defined by the
undergraduate major"
,,Statistics,Recommended,N,,,Y,Y,Y,Statistics (1 semester)
,"Chicago Medical
School at
Rosalind Franklin
University of
Medicine &
Science",Behavioral Sciences,,,,,Y,,,
,,"Behavioral/Social
Sciences",Required,N,6,Y,Y,Y,Y,"Two courses in Behavioral/Social Sciences are
Required"
,,Biochemistry,Required,N,3,Y,Y,Y,Y,"A two year Chemistry Sequence is required and
includes this course sequence.(lab recommended
but not required)"
,,Biology,Required,Y,8,Y,Y,Y,Y,"One year of Introductory Biology is required with lab
or equivalent"
,,Biology/Zoology,Recommended,N,3,Y,Y,Y,Y,"One course in Advanced Biology (200 level or
above)"
,,Calculus,,,,,Y,,,
,,College English,Recommended,N,3,Y,Y,Y,Y,"One Course in English Composition is
recommended."
,,College Mathematics,Recommended,N,3,Y,Y,Y,Y,One course in Statistics is Recommended
,,Computer Science,,,,,Y,,,
,,Genetics,,,,,Y,,,
,,Humanities,Recommended,N,3,Y,Y,Y,Y,Coursework in Humanities is recommended
IL,"Chicago Medical
School at
Rosalind Franklin
University of
Medicine &
Science",Inorganic Chemistry,Required,Y,4,Y,Y,Y,Y,"A two year Chemistry Sequence is required and
includes this course sequence."
,,Organic Chemistry,Required,Y,4,Y,Y,Y,Y,"A two year Chemistry Sequence is required and
includes this course sequence."
,,Physics,Required,Y,8,Y,Y,Y,Y,"One year of Physics Required with accompanying
lab"
,,Psychology,,,,,Y,,,"Two courses in Behavioral/Social Sciences are
Required"
,,Social Sciences,,,,,Y,,,"Two courses in Behavioral/Social Sciences are
Required"
,"Loyola University
Chicago Stritch
School of
Medicine",Behavioral Sciences,,N,,,Y,,,
,,Biochemistry,Recommended,N,,,Y,,,
,,Biology,Required,Y,8,,Y,Y,C,"At least 8 non-AP credits in biology-based discipline
are required. No more than 6 AP credits total will be
accepted toward all remaining total credits required."
,,Biology/Zoology,,,,,Y,,,
,,Calculus,,N,,,Y,,,
,,College English,,N,,,Y,,,
,,College Mathematics,,N,,,Y,,,
,,Computer Science,,N,,,Y,,,
,,Genetics,Recommended,N,,,Y,Y,,
,,Humanities,Recommended,N,,,Y,Y,,
,,Inorganic Chemistry,Required,Y,8,,Y,Y,Y,"At least 8 non-AP credits required in chemistry-based discipline.No more than 6 AP credits total will
be accepted toward all remaining total credits
required."
,,Molecular Biology,Recommended,N,,,Y,Y,,
,,Organic Chemistry,Required,N,3,,Y,Y,Y,"At least 3 non-AP credits required in organic
chemistry."
,,Physics,Recommended,,,,Y,Y,,
,,Physiology,Recommended,N,,,Y,Y,,
IL,"Loyola University
Chicago Stritch
School of
Medicine",Psychology,Recommended,N,,,Y,Y,,
,,Social Sciences,,N,,,Y,,,
,"Northwestern
University The
Feinberg School
of Medicine",Behavioral Sciences,Recommended,,,C,Y,,,
,,Biochemistry,Recommended,,,C,Y,,,
,,Biology,Required,Y,8,C,Y,C,Y,
,,Biology/Zoology,,N,,C,Y,,,
,,Calculus,,N,,C,Y,,,
,,College English,Recommended,N,,C,Y,,,
,,College Mathematics,,N,,C,Y,,,
,,Computer Science,,N,,C,Y,,,
,,Genetics,Recommended,N,,C,Y,,,
,,Humanities,Recommended,N,,C,Y,,,
,,Inorganic Chemistry,Required,Y,8,C,Y,C,Y,
,,Organic Chemistry,Required,Y,8,C,Y,C,Y,
,,Physics,Required,Y,8,C,Y,C,Y,
,,Psychology,Recommended,N,,C,Y,,,
,,Social Sciences,Recommended,N,,C,Y,,,
,,Statistics,Recommended,N,,C,Y,,,
,"Rush Medical
College of Rush
University
Medical Center",Behavioral Sciences,,,,,Y,,,
,,Biochemistry,Recommended,N,,Y,Y,Y,Y,"The course should focus on the application of
chemistry to the study of biological processes at the
cellular and molecular level."
,,Biology,,N,,,Y,,,
,,Biology/Zoology,,N,,,Y,,,
IL,"Rush Medical
College of Rush
University
Medical Center",Calculus,,N,,,Y,,,
,,Cell Biology,Recommended,N,,Y,Y,Y,Y,"The course should focus on the study of the
structure and function of the cell."
,,College English,,N,,,Y,,,
,,College Mathematics,Recommended,N,,Y,Y,Y,Y,"The course or AP credit should be for algebra or
higher-level math, with the exception of statistics."
,,Computer Science,,N,,,Y,,,
,,Genetics,Recommended,N,,Y,Y,Y,Y,
,,Humanities,Recommended,N,,Y,Y,Y,Y,
,,Human Physiology,Recommended,,,Y,Y,Y,Y,"The course should focus on how the human body
works."
,,Immunology,Recommended,N,,Y,Y,Y,Y,
,,Inorganic Chemistry,,N,,,Y,,,
,,Molecular Biology,,,,,Y,,,
,,Organic Chemistry,,N,,,Y,,,
,,Physics,,N,,,Y,,,
,,Psychology,,N,,,Y,,,
,,Social Sciences,Recommended,N,,Y,Y,Y,Y,
,"Southern Illinois
University School
of Medicine","Advanced Level
Biology",Recommended,N,,,Y,,,
,,Behavioral Sciences,,N,,,Y,,,
,,Biochemistry,Recommended,N,,,Y,,,
,,Biology,Recommended,Y,,,Y,,,
,,Biology/Zoology,,N,,,Y,,,
,,Calculus,,N,,,Y,,,
,,College English,Recommended,N,,,Y,,,
,"Southern Illinois
University School
of Medicine",College Mathematics,Recommended,N,,,Y,,,
,,Computer Science,,N,,,Y,,,
,,Genetics,Recommended,N,,,Y,,,
,,Humanities,,N,,,Y,,,
,,Inorganic Chemistry,Recommended,Y,,,Y,,,
,,Organic Chemistry,Recommended,Y,,,Y,,,
,,Physics,Recommended,Y,,,Y,,,
,,Psychology,,N,,,Y,,,
,,Social Sciences,Recommended,N,,,Y,,,
,,Statistics,Recommended,N,,,Y,,,
,,Behavioral Sciences,,N,,,Y,C,Y,C
,,Biochemistry,Required,N,,,Y,C,Y,
IL,"University of
Chicago Division
of the Biological
Sciences The
Pritzker School
of Medicine",Biology,Recommended,N,,Y,Y,C,Y,C
,,Biology/Zoology,,,,,Y,,C,
,,Calculus,,,,,Y,,,
,,College English,Recommended,,,,Y,,,
,,College Mathematics,,,,,Y,,,
,,Computer Science,,,,,Y,,,
,,Genetics,Recommended,,,,Y,,C,
,,Humanities,Recommended,,,,Y,,C,
,,Inorganic Chemistry,Recommended,,,Y,Y,C,Y,C
,,Organic Chemistry,Recommended,,,Y,Y,C,Y,C
,,Physics,Recommended,,,,Y,C,Y,C
IL,"University of
Chicago Division
of the Biological
Sciences The
Pritzker School
of Medicine",Psychology,,,,,Y,,,
,,Social Sciences,Recommended,,,C,Y,Y,Y,
,,Statistics,Recommended,,,C,Y,Y,Y,
,"University of
Illinois College of
Medicine","Advanced Level
Biology",Required,N,3,,Y,Y,Y,"With AP credit upper level courses at the university
will be required"
,,Behavioral Sciences,,N,,,Y,Y,Y,
,,Biochemistry,Required,Y,3,,Y,C,Y,
,,Biology,Required,Y,8,,Y,C,Y,
,,Biology/Zoology,,N,,,Y,,,
,,Calculus,,N,,,Y,,,
,,College English,,N,,,Y,,,
,,College Mathematics,,N,,,Y,,,
,,Computer Science,,N,,,Y,,,
,,Genetics,Recommended,N,3,,Y,,Y,
,,Humanities,,N,,,Y,,,
,,Inorganic Chemistry,Required,Y,8,,Y,C,Y,
,,Organic Chemistry,Required,Y,8,,Y,C,Y,
,,Physics,Required,Y,8,,Y,C,Y,
,,Psychology,Recommended,N,,,Y,Y,Y,
,,"Social/Behavioral
Science",Required,N,9,,Y,Y,Y,
,,Social Sciences,Recommended,N,,,Y,Y,Y,
IN,Indiana,,,,,,Y,,,Online coursework is accepted but preference is for
,"University School
of Medicine",Behavioral Sciences,,Y,,N,Y,C,Y,"students to complete science prerequisite courses in
classroom settings, as well as preference for"
,,,Recommended,N,,Y,Y,Y,,completion at 4 year accredited institutions.
IN,"Indiana
University School
of Medicine",Biochemistry,Required,N,3,Y,Y,Y,Y,"Online coursework is accepted but preference is for
students to complete science prerequisite courses in
classroom settings, as well as preference for
completion at 4 year accredited institutions."
,,Biology,Required,Y,8,Y,Y,Y,Y,"Online coursework is accepted but preference is for
students to complete science prerequisite courses in
classroom settings, as well as preference for
completion at 4 year accredited institutions."
,,Biology/Zoology,Recommended,N,,Y,Y,Y,Y,"Online coursework is accepted but preference is for
students to complete science prerequisite courses in
classroom settings, as well as preference for
completion at 4 year accredited institutions."
,,Calculus,Recommended,N,,Y,Y,Y,Y,"Online coursework is accepted but preference is for
students to complete science prerequisite courses in
classroom settings, as well as preference for
completion at 4 year accredited institutions."
,,College English,Recommended,N,,Y,Y,Y,Y,"Online coursework is accepted but preference is for
students to complete science prerequisite courses in
classroom settings, as well as preference for
completion at 4 year accredited institutions."
,,College Mathematics,Recommended,N,,Y,Y,Y,Y,"Online coursework is accepted but preference is for
students to complete science prerequisite courses in
classroom settings, as well as preference for
completion at 4 year accredited institutions."
,,Computer Science,Recommended,N,,,Y,Y,Y,"Online coursework is accepted but preference is for
students to complete science prerequisite courses in
classroom settings, as well as preference for
completion at 4 year accredited institutions."
,,General Chemistry,Required,Y,8,Y,Y,Y,Y,"Online coursework is accepted but preference is for
students to complete science prerequisite courses in
classroom settings, as well as preference for
completion at 4 year accredited institutions."
,,Genetics,Recommended,N,,Y,Y,Y,Y,"Online coursework is accepted but preference is for
students to complete science prerequisite courses in
classroom settings, as well as preference for
completion at 4 year accredited institutions."
,,Humanities,Recommended,N,,Y,Y,Y,Y,"Online coursework is accepted but preference is for
students to complete science prerequisite courses in
classroom settings, as well as preference for
completion at 4 year accredited institutions."
IN,"Indiana
University School
of Medicine",Inorganic Chemistry,Recommended,Y,,Y,Y,y,Y,"Online coursework is accepted but preference is for
students to complete science prerequisite courses in
classroom settings, as well as preference for
completion at 4 year accredited institutions."
,,Organic Chemistry,Required,Y,8,Y,Y,Y,Y,"Online coursework is accepted but preference is for
students to complete science prerequisite courses in
classroom settings, as well as preference for
completion at 4 year accredited institutions."
,,Physics,Required,Y,8,Y,Y,Y,Y,"Online coursework is accepted but preference is for
students to complete science prerequisite courses in
classroom settings, as well as preference for
completion at 4 year accredited institutions."
,,Psychology,Required,N,3,Y,Y,Y,Y,"Online coursework is accepted but preference is for
students to complete science prerequisite courses in
classroom settings, as well as preference for
completion at 4 year accredited institutions."
,,Social Sciences,Required,N,3,Y,Y,Y,Y,"Online coursework is accepted but preference is for
students to complete science prerequisite courses in
classroom settings, as well as preference for
completion at 4 year accredited institutions."
KS,"University of
Kansas School of
Medicine",Behavioral Sciences,Recommended,N,,,Y,,,
,,Biochemistry,Recommended,N,,,Y,,,
,,Biology,Required,Y,7,,Y,Y,Y,"Coursework and Labs that were moved to on-line
are acceptable."
,,Biology/Zoology,,N,,,Y,,,
,,Calculus,,N,,,Y,,,
,,College English,Required,N,6,,Y,Y,Y,"Coursework and Labs that were moved to on-line
are acceptable."
,,College Mathematics,,,,,Y,,,
,,Computer Science,,N,,,Y,,,
,,Genetics,Recommended,N,,,Y,,,
,,Humanities,Recommended,N,,,Y,,,
,,Immunology,Recommended,N,,,Y,,,
KS,"University of
Kansas School of
Medicine",Inorganic Chemistry,Required,Y,7,,Y,Y,Y,"Coursework and Labs that were moved to on-line
are acceptable."
,,Organic Chemistry,Required,Y,7,,Y,Y,Y,"Coursework and Labs that were moved to on-line
are acceptable."
,,Physics,Required,Y,7,,Y,Y,Y,"Coursework and Labs that were moved to on-line
are acceptable."
,,Psychology,Recommended,N,,,Y,,,
,,Social Sciences,Recommended,N,,,Y,,,
KY,"University of
Kentucky College
of Medicine",Behavioral Sciences,Recommended,N,6,,Y,Y,Y,
,,Biochemistry,Required,N,3,C,Y,Y,Y,"Only Pass/Fail grades from Spring 2020 semester
will be considered."
,,Biology,Required,N,6,,Y,Y,Y,Lab is recommended but not required
,,Biology/Zoology,,N,,,Y,,,
,,Calculus,,N,,,Y,,,
,,College English,Required,N,6,,Y,Y,Y,"Communications courses or courses that fulfill
writing requirements for graduation are acceptable."
,,College Mathematics,,N,,,Y,,,
,,Computer Science,,N,,,Y,,,
,,Genetics,Recommended,N,3,,Y,Y,Y,
,,Humanities,Recommended,N,6,,Y,,,
,,Inorganic Chemistry,Required,N,6,,Y,Y,Y,Lab is recommended but not required
,,Organic Chemistry,Required,N,3,C,Y,Y,Y,"Lab is recommended but not required. Only Pass/
Fail grades from Spring 2020 semester will be
considered."
,,Physics,Required,N,6,,Y,Y,Y,Lab is recommended but not required.
,,Psychology,Recommended,N,3,,Y,Y,Y,
,,Social Sciences,Recommended,N,3,,Y,Y,Y,
,"University of
Louisville School",Behavioral Sciences,Recommended,N,,,Y,,,
KY,"University of
Louisville School
of Medicine",Biochemistry,Required,N,3,,Y,Y,Y,New requirement for 2020-2021 admissions cycle
,,Biology,Required,Y,8,,Y,Y,Y,
,,Biology/Zoology,,N,,,Y,,,
,,Calculus,,,,,Y,,,
,,College English,Required,N,6,,Y,Y,Y,"2 semesters of writing, literature and/or
communication/speech required. AP and IB credit
acceptable for 1 semester only."
,,College Mathematics,,,,,Y,,,
,,Computer Science,,N,,,Y,,,
,,Genetics,Recommended,N,,,Y,,,
,,Humanities,Recommended,N,,,Y,,,
,,Inorganic Chemistry,Required,Y,8,,Y,Y,Y,
,,Organic Chemistry,Required,N,6,,Y,Y,Y,"While organic chemistry labs are valuable for
individual students and their goals, they are no
longer required by our Admissions Committee,
effective for the 2020-2021 admissions cycle."
,,Physics,Required,Y,8,,Y,Y,Y,
,,Physiology,Recommended,N,,,Y,,,
,,Psychology,Recommended,N,,,Y,,,
,,Social Sciences,Recommended,N,,,Y,,,
,,Statistics,Recommended,N,,,Y,,,"Recommended as a specific course or embedded in
courses in the natural or social sciences."
LA,"Louisiana State
University School
of Medicine in
New Orleans",Behavioral Sciences,Recommended,N,,,Y,N,,
,,Biochemistry,Required,N,3,,Y,N,Y,
,,Biology,Required,Y,3,,Y,N,,
,,Biology/Zoology,Recommended,N,,,Y,N,,
,,Calculus,Recommended,N,,,Y,N,,
,,College English,Required,N,6,,Y,N,,
,,College Mathematics,Recommended,N,,,Y,N,,
,,Computer Science,Recommended,N,,,Y,N,,
,,Genetics,Recommended,N,,,Y,N,,
,,Humanities,Recommended,N,,,Y,N,,
,"Louisiana State
University School
of Medicine in
New Orleans",Inorganic Chemistry,Required,Y,8,,Y,N,,[image]
,,Organic Chemistry,Required,Y,3,,Y,N,,
,,Physics,Required,Y,3,,Y,N,,[image]
,,Psychology,Recommended,N,,,Y,N,,
,,Social Sciences,Recommended,N,,,Y,N,,
,,Statistics,Required,N,3,,Y,N,,[image]
,,Behavioral Sciences,,N,,,Y,,,
,,Biochemistry,Required,N,3,Y,Y,N,N,[image]
,,Biology,Required,N,,Y,Y,Y,,[image]
,,Biology/Zoology,,,,,Y,,,
,,Calculus,,N,,,Y,,,
,,Cell Biology,Recommended,,,,Y,,,
LA,"Louisiana State
University School
of Medicine in
Shreveport",Chemistry,Required,N,12,Y,Y,N,N,"Must include at least three hours of Biochemistry
lecture."
,,College English,Required,N,6,Y,Y,Y,,[image]
,,College Mathematics,,N,,,Y,,,
,,Computer Science,,,,,Y,,,
,,"Developmental
Biology",Recommended,,,,Y,,,
,,Genetics,Recommended,,,,Y,,,
LA,"Louisiana State
University School
of Medicine in
Shreveport",Humanities,Required,N,12,,Y,Y,Y,In addition to the English requirement
,,Inorganic Chemistry,,,,,Y,,,
,,Microbiology,Recommended,,,,Y,,,
,,Organic Chemistry,,,,,Y,,,
,,Physics,,,,,Y,,,
,,Physiology,Recommended,,,,Y,,,
,,Psychology,,N,,,Y,,,
,,Social Sciences,,N,,,Y,,,
,"Tulane University
School of
Medicine",Behavioral Sciences,Recommended,N,,Y,Y,Y,Y,
,,Biochemistry,Recommended,N,,Y,Y,Y,Y,
,,Biology,Recommended,Y,,Y,Y,Y,Y,
,,Biology/Zoology,Recommended,N,,Y,Y,Y,Y,
,,Calculus,Recommended,N,,Y,Y,Y,Y,
,,College English,Recommended,N,,Y,Y,Y,Y,
,,College Mathematics,,N,,,Y,,,
,,Computer Science,,N,,,Y,,,
,,Genetics,Recommended,N,,Y,Y,Y,Y,
,,Humanities,,N,,,Y,,,
,,Inorganic Chemistry,Recommended,Y,,Y,Y,Y,Y,
,,Organic Chemistry,Recommended,Y,,Y,Y,Y,Y,
,,Physics,Recommended,Y,,Y,Y,Y,Y,
,,Psychology,,N,,,Y,,,
,,Social Sciences,,N,,,Y,,,
,,Behavioral Sciences,Recommended,N,,,Y,C,Y,N
,,Biochemistry,Recommended,N,,,Y,,C,"May be used in combination with general chemistry
and organic chemistry to meet chemistry
requirement. See:
http://www.bumc.bu.edu/busm/admissions/
application-process/requirements/"
,,Biology,Required,Y,,,Y,,C,"Equivalent of two semesters with lab.
Although traditional lab work is preferred, we will
accept pass/fail and online labs for coursework
completed during 2019/2020 and 2020/2021
academic years."
,,Biology/Zoology,,N,,,Y,C,Y,N
,,Biostatistics &,,,,,Y,,,
,,Epidemiology,Recommended,N,,,Y,C,Y,N
,,Calculus,Recommended,N,,,Y,C,Y,N
,,,,,,,Y,,,Any writing intensive courses may be used to fulfill
MA,"Boston University
School of
Medicine",College English,Required,N,,,Y,C,Y,the English requirement.
,,College Mathematics,Recommended,N,,,Y,C,Y,N
,,Computer Science,,N,,,Y,,,
,,General Chemistry,Required,Y,,,Y,,C,"May be used in combination with other chemistry
related courses to meet the Chemistry requirement.
In person lab work is preferred; pass/fail and online
labs accepted for 2019/2020 & 2020/2021 years."
,,Genetics,Recommended,N,,,Y,C,Y,N
,,Humanities,Required,N,,,Y,,,
,,Inorganic Chemistry,,N,,,Y,C,Y,N
,,Molecular Biology,Recommended,N,,,Y,,C,"May be used in combination with other bio science
courses to meet the Biology requirement. In person
lab work is preferred; pass/fail and online labs
accepted for 2019/2020 & 2020/2021 years."
,,Organic Chemistry,Required,Y,,,Y,,C,"May be used in combination with other chemistry
related courses to meet the Chemistry requirement.
In person lab work is preferred; pass/fail and online
labs accepted for 2019/2020 & 2020/2021 years."
,,Physics,Required,N,,,Y,,C,"Equivalent of two semesters. Although traditional
lab work is preferred, we will accept pass/fail and
online labs for coursework completed during
2019/2020 and 2020/2021 academic years."
MA,"Boston University
School of
Medicine",Psychology,Recommended,N,,,Y,C,Y,Can be used toward the humanities requirement.
,,Social Sciences,Recommended,N,,,Y,C,Y,Can be used toward the humanities requirement.
,,Behavioral Sciences,Recommended,N,,,Y,,,"Encouraged to complete coursework in Behavioral
Sciences (e.g. psychology, sociology, etc)"
,"Harvard Medical
School",Biochemistry,Required,N,3,,Y,,N,"2 Year (4 course) chemistry sequence that includes
inorganic, organic and biochemistry. AP credits
which enable you to take a higher level course will
satisfy one semester of inorganic chemistry."
,,Biology,Required,Y,8,,Y,,N,"One year with lab experience required. 1 semester
of lab experience should be with corresponding
coursework; however, second semester lab may be
fulfilled by independent laboratory based research."
,,Biology/Zoology,,N,,,Y,,,
,,Biostatistics/Statistics,Recommended,,,,Y,,,"Encouraged to complete one semester of
coursework in statistics, preferably biostatistics"
,,Calculus,Recommended,,,,Y,,,"One semester encouraged. HST strongly
encourages upper-level mathematics, typically to
include differential equations and/or linear algebra.
See website for more info."
,,College English,,N,,,Y,,,
,,College Mathematics,,N,,,Y,,,
,,Computer Science,,N,,,Y,,,
,,Genetics,,N,,,Y,,,
,,Humanities,,N,,,Y,,,
,,Inorganic Chemistry,Required,Y,8,,Y,,C,"2 Year (4 course) chemistry sequence that includes
inorganic, organic and biochemistry. AP credits
which enable you to take a higher level course will
satisfy one semester of inorganic chemistry."
MA,"Harvard Medical
School",Organic Chemistry,Required,Y,4,,Y,C,Y,"2 Year (4 course) chemistry sequence that includes
inorganic, organic and biochemistry. AP credits
which enable you to take a higher level course will
satisfy one semester of inorganic chemistry."
,,Physics,Required,N,8,,Y,C,Y,"1 year. Lab desirable but not required. PW - AP
credits which enable you to take an upper level
course will meet one semester. HST candidates
should complete calculus-based physics at college
level."
,,Psychology,,N,,,Y,,,
,,Social Sciences,,N,,,Y,,,
,,Writing,Required,N,8,,Y,C,Y,"One year required. Humanities or social science
courses involving substantial expository writing will
satisfy this requirement."
,"Tufts University
School of
Medicine",Behavioral Sciences,,N,,,Y,,,
,,Biochemistry,Recommended,N,,,Y,C,Y,
,,Biology,Required,Y,,,Y,C,Y,
,,Biology/Zoology,,N,,,Y,,,
,,Calculus,,N,,,Y,,,
,,College English,,N,,,Y,,,
,,College Mathematics,,N,,,Y,,,
,,Computer Science,,N,,,Y,,,
,,Genetics,,N,,,Y,,,
,,Humanities,,N,,,Y,,,
,,Inorganic Chemistry,Required,Y,,,Y,C,Y,
,,Organic Chemistry,Required,Y,,,Y,C,Y,
,,Physics,Required,Y,,,Y,C,Y,
,,Psychology,,N,,,Y,,,
MA,"Tufts University
School of",Social Sciences,,N,,,Y,,,
,"University of
Massachusetts
Medical School",Behavioral Sciences,Recommended,,,,Y,,,
,,Biochemistry,Required,N,4,Y,Y,Y,Y,"We will accept pass/fail and online coursework due
to the pandemic; please explain circumstances on
the secondary application."
,,Biology,Required,Y,8,Y,Y,Y,Y,"We will accept pass/fail and online coursework due
to the pandemic; please explain circumstances on
the secondary application."
,,Biology/Zoology,Required,Y,8,Y,Y,Y,Y,"We will accept pass/fail and online coursework due
to the pandemic; please explain circumstances on
the secondary application."
,,Calculus,,,,,Y,,,
,,College English,Required,N,8,Y,Y,Y,Y,"We will accept pass/fail and online coursework due
to the pandemic; please explain circumstances on
the secondary application."
,,College Mathematics,,,,,Y,,,
,,Computer Science,,,,,Y,,,
,,Genetics,,,,,Y,,,
,,Humanities,Recommended,N,,,Y,,,
,,Inorganic Chemistry,Required,Y,8,Y,Y,Y,Y,"We will accept pass/fail and online coursework due
to the pandemic; please explain circumstances on
the secondary application."
,,Organic Chemistry,Required,Y,8,Y,Y,Y,Y,"We will accept pass/fail and online coursework due
to the pandemic; please explain circumstances on
the secondary application."
,,Physics,Required,Y,8,Y,Y,Y,Y,"Equivalent to two semesters with lab.
We will accept pass/fail and online coursework due
to the pandemic; please explain circumstances on
the secondary application."
,,Psychology,Recommended,N,4,,,,,
,,Social Sciences,Recommended,N,4,,,,,
MA,University of Massachusetts Medical School,,,,,,,,,We will accept pass/fail and online coursework due to the pandemic. Please explain circumstances on the secondary application
,,Statistics,Required,N,4,,C,Y,Y,Y
,,,,,,,,,,
MD,"Johns Hopkins
University School
of Medicine",Behavioral Sciences,,N,,,,,,
,,Biochemistry,Required,N,3,,,,,
,,Biology,Required,Y,8,,,,Y,
,,Biology/Zoology,,N,,,,,,
,,Calculus,Required,N,6,,,,Y,This may also be satisfied by a Statistics course.
,,"Calculus and/or
Statistics",,N,6,,,,Y,
,,College English,,N,,,,,,
,,College Mathematics,,N,,,,,,
,,Computer Science,Recommended,N,,,,,,
,,Genetics,Recommended,N,,,,,,
,,Humanities,,N,,,,,,
,,"Humanities, Social
and Behavioral
Sciences",Required,N,24,,,,Y,
,,Inorganic Chemistry,Required,Y,8,,,,Y,
,,Organic Chemistry,Required,Y,4,,,,Y,
,,Physics,Required,Y,8,,,,Y,
,,Psychology,,N,,,,,,
,,Social Sciences,,N,,,,,,
,"Uniformed
Services
University of the
Health Sciences
F. Edward
Hebert School of",Behavioral Sciences,,N,,,,,,
,,Biochemistry,Recommended,N,,,,,,
,,Biology,Required,Y,8,,,,Y,
MD,"Uniformed
Services
University of the
Health Sciences
F. Edward
Hebert School of
Medicine",Biology/Zoology,,N,,,,,,
,,Calculus,Required,N,3,,Y,Y,Y,"One semester of calculus or statistics will fulfill our
requirement."
,,College English,Required,N,6,,Y,Y,Y,"Students could also complete one year of a writing
intensive Humanities, Social Science, Language or
Psychology course."
,,College Mathematics,,,,,,,,
,,Computer Science,,N,,,,,,
,,Genetics,,N,,,,,,
,,Humanities,Recommended,N,,,Y,Y,Y,
,,Inorganic Chemistry,Required,Y,8,,Y,Y,Y,
,,Organic Chemistry,Required,Y,8,,N,Y,Y,
,,Physics,Required,Y,8,,Y,Y,Y,
,,Psychology,Recommended,N,,,Y,Y,Y,
,,Social Sciences,Recommended,N,,,Y,Y,Y,
,"University of
Maryland School
of Medicine",Behavioral Sciences,Recommended,N,,,Y,Y,Y,
,,Biochemistry,Recommended,N,,,N,Y,Y,"3 credit Biochemistry may substitute for Org Chem II.
We will accept Pass/Fail and online labs for
coursework completed during spring, summer and
fall 2020."
,,Biology,Required,Y,,,Y,Y,Y,"We will accept Pass/Fail and online labs for
coursework completed during spring 2020 through
spring 2021. One year of coursework in this area is
required."
,,Biology/Zoology,,Y,,,Y,Y,Y,"We will accept Pass/Fail and online labs for
coursework completed during spring 2020 through
spring 2021. One year of coursework in this area is
required."
,,Calculus,,N,,,,,,
MD,"University of
Maryland School
of Medicine","Cell/molecular
biology",Recommended,N,,,Y,Y,Y,"We will accept Pass/Fail and online labs for
coursework completed during spring, summer and
fall 2020."
,,College English,Required,N,,,Y,Y,Y,"A writing intensive course may substitute a semester
of English. Pass/Fail & online coursework completed
during spring 2020 through spring 2021 is accepted.
One year of coursework is required."
,,College Mathematics,,N,,,,,,
,,Computer Science,,N,,,,,,
,,Genetics,Recommended,N,,,N,Y,Y,
,,Humanities,Recommended,N,,,Y,Y,Y,
,,Immunology,Recommended,,,,,,,"This is NOT required. We recommend considering
this course as it will enhance your academic
preparation for medical school."
,,Inorganic Chemistry,Required,Y,,,Y,Y,Y,"We will accept Pass/Fail and online labs for
coursework completed during spring 2020 through
spring 2021. One year of coursework in this area is
required."
,,Organic Chemistry,Required,Y,,,Y,Y,Y,"We will accept Pass/Fail and online labs for
coursework completed during spring 2020 through
spring 2021. One year of coursework in this area is
required."
,,Physics,Required,Y,,,Y,Y,Y,"We will accept Pass/Fail and online labs for
coursework completed during spring 2020 through
spring 2021. One year of coursework in this area is
required."
,,Physiology,Recommended,Y,,,,,,"This is NOT required. We recommend considering
this course as it will enhance your academic
preparation for medical school."
,,Psychology,Recommended,N,,,Y,Y,Y,
,,Social Sciences,Recommended,N,,,Y,Y,Y,
,,Statistics,Recommended,N,,,Y,Y,Y,
MI,Central Michigan,Behavioral Sciences,Recommended,,,,,,,
,University,,,,,,,,,
MI,"Central Michigan
University
College of
Medicine",Biochemistry,Recommended,,,,,,,
,,Biology,Required,Y,,,C,C,C,"The Admissions Committee highly recommends that
all required coursework be taken at a four-year
institution. They will consider alternatives on a case-by-case basis."
,,Biology/Zoology,Recommended,,,,,,,
,,Calculus,Recommended,,,,,,,
,,College English,,,,,,,,
,,College Mathematics,,,,,,,,
,,Computer Science,,,,,,,,
,,Genetics,Recommended,,,,,,,
,,Human Anatomy,Recommended,,,,,,,
,,Humanities,Recommended,,,,,,,
,,Inorganic Chemistry,Recommended,,,,,,,
,,Organic Chemistry,Required,Y,,,C,C,C,"The Admissions Committee highly recommends that
all required coursework be taken at a four-year
institution. They will consider alternatives on a case-by-case basis."
,,Physics,Recommended,,,,,,,
,,Psychology,Recommended,,,,,,,
,,Social Sciences,Recommended,,,,,,,
,"Michigan State
University
College of
Human Medicine",Behavioral Sciences,Recommended,N,,,Y,Y,Y,"We will accept Pass/Fail and online labs for
coursework completed during the 2019-2020 and
2020-2021 academic years."
,,Biochemistry,Required,N,3,,Y,Y,C,"We will accept P/F & online labs for 2019-2020 and
2020-2021 classes.
One semester for MCAT-Influenced Preparation
Model & End-Point Coursework Model. A grade of C
(2.0 on 4-point scale) is required."
,,Biology,Required,Y,8,,Y,Y,,"We will accept P/F & online labs for coursework
completed during 2019-2020 and 2020-2021.
One year with lab for MCAT-Influenced Preparation
Model. A grade of C (2.0 on 4-point scale) is
required."
,,Biology/Zoology,,N,,,,,,
,,Calculus,,N,,,,,,
,,College English,Recommended,N,,,Y,Y,,"We will accept Pass/Fail and online labs for
coursework completed during the 2019-2020 and
2020-2021 academic years."
,,College Mathematics,Required,N,3,,Y,Y,,"We will accept P/F & online labs for coursework
completed during 2019-2020 and 2020-2021.
One semester for MCAT-Influenced Preparation
Model. A grade of C (2.0 on 4-point scale) is
required."
,,Computer Science,Recommended,N,,,Y,Y,,"We will accept P/F & online labs for coursework
completed during 2019-2020 and 2020-2021."
MI,"Michigan State
University
College of
Human Medicine",Genetics,Recommended,N,,,Y,Y,C,"We will accept P/F & online labs for coursework
completed during 2019-2020 and 2020-2021."
,,Humanities,Recommended,N,,,Y,Y,,"We will accept P/F & online labs for coursework
completed during 2019-2020 and 2020-2021."
,,Inorganic Chemistry,Required,Y,8,,Y,Y,,"We will accept P/F & online labs for coursework
completed during 2019-2020 and 2020-2021.
One year with lab for MCAT-Influenced Preparation
Model. A grade of C (2.0 on 4-point scale) is
required."
,,"One Upper Level
Biology",Required,N,3,,Y,Y,C,"P/F for coursework completed during
2019-2020,2020-2021 accepted.
1 semester for MCAT-Influenced Preparation, End-Point Coursework Models, 300-400 level
coursework. Grade of C (2.0 on 4-point scale)."
,,Organic Chemistry,Required,Y,8,,Y,Y,,"We will accept P/F & online labs for coursework
completed during 2019-2020 and 2020-2021.
One year with lab for MCAT-Influenced Preparation
Model. A grade of C (2.0 on 4-point scale) is
required."
,,Physics,Required,Y,8,,Y,Y,,"We will accept P/F & online labs for coursework
completed during 2019-2020 and 2020-2021"
,"Michigan State
University
College of
Human Medicine",Psychology,Recommended,N,,,Y,Y,,"We will accept P/F & online labs for coursework
completed during 2019-2020 and 2020-2021"
,,Social Sciences,Required,N,3,,Y,Y,,"We will accept P/F & online labs for coursework
completed during 2019-2020 and 2020-2021
One semester for MCAT-Influenced Preparation
Model. A grade of C (2.0 on 4-point scale) is
required."
,,Anatomy,Recommended,N,,,C,C,C,"Applicants who use community college courses to
meet prerequisites are encouraged to show
competency by taking higher level courses in these
areas at a regionally accredited four-year institution."
,,Behavioral Sciences,Required,N,,,N,C,C,1 course in social or behavioral sciences is required.
,,Biochemistry,Required,N,,,N,C,C,"Applicants who use community college courses to
meet prerequisites are encouraged to show
competency by taking higher level courses in these
areas at a regionally accredited four-year institution."
MI,"Oakland
University
William
Beaumont
School of
Medicine",Biology,Recommended,Y,,,N,C,C,"One science lab is required from biology, chemistry
or physics."
,,Biology/Zoology,,N,,,N,C,C,"Applicants who use community college courses to
meet prerequisites are encouraged to show
competency by taking higher level courses in these
areas at a regionally accredited four-year institution."
,,Calculus,,N,,,,,,
,,College English,Recommended,N,,,C,C,C,"Applicants who use community college courses to
meet prerequisites are encouraged to show
competency by taking higher level courses in these
areas at a regionally accredited four-year institution."
,,,,,,,,,,1 course in statistics (math or social science based)
,,College Mathematics,Required,N,,,N,C,C,is required.
,,Computer Science,,N,,,,,,
,,Genetics,,N,,,,,,
,,Humanities,Recommended,N,,,C,C,C,"Applicants who use community college courses to
meet prerequisites are encouraged to show
competency by taking higher level courses in these
areas at a regionally accredited four-year institution."
,,Inorganic Chemistry,Recommended,,Y,,C,,C,"Applicants who use community college courses to
meet prerequisites are encouraged to show
competency by taking higher level courses in these
areas at a regionally accredited four-year institution."
,,Organic Chemistry,Recommended,,Y,,C,,C,"Applicants who use community college courses to
meet prerequisites are encouraged to show
competency by taking higher level courses in these
areas at a regionally accredited four-year institution."
,,Physics,Recommended,,Y,,C,,C,"Applicants who use community college courses to
meet prerequisites are encouraged to show
competency by taking higher level courses in these
areas at a regionally accredited four-year institution."
MI,"Oakland
University
William
Beaumont
School of
Medicine",Psychology,Required,N,N,,N,N,C,1 course in social or behavioral sciences is required.
,,Social Sciences,Required,N,N,,N,N,C,1 course in social or behavioral sciences is required.
,"University of
Michigan Medical
School",Behavioral Sciences,,,N,,Y,,Y,
,,Biochemistry,,,N,,Y,,Y,
,,Biology,,,N,,Y,,Y,
,,Biology/Zoology,,,N,,Y,,Y,
,,Calculus,,,N,,Y,,Y,
,,College English,,,N,,Y,,Y,
,,College Mathematics,,,N,,Y,,Y,
,,Computer Science,,,N,,Y,,Y,
,,Core Competencies,Required,,N,,Y,,Y,www.medicine.umich.edu/md-admissions
,,Core Competencies,Required,,N,,,,Y,medicine.umich.edu/md-admissions
,,Genetics,,,N,,Y,,Y,
,,Humanities,,,N,,Y,,Y,
,,Inorganic Chemistry,,,N,,Y,,Y,
,,"Intensive Writing
Courses",,,N,,Y,,Y,
